ID,Address,USDT Amount,wBTC Amount,claimedAt,claimReqId,claimReqStatus,airdropId
1673,0x9197FE7c1e14439452A3720D6E8028FDD4f7B318,15.0015,0.0011184,2023-06-24T06:09:58.227Z,e9e203a3-5b0e-40d6-a591-df7cd5930727,pending,6
1674,0x330e857A30c71929aeC897C744C4e6716A88507D,10.001,0.0003588,2023-06-24T06:44:48.353Z,fea10576-6f5d-4ee2-8134-13efa523849c,pending,5
1675,0x330e857A30c71929aeC897C744C4e6716A88507D,0.020002,0.00069136,2023-06-24T06:45:07.223Z,26dd38e3-c256-4a14-8552-d9e8419fbe8e,pending,4
1676,0x330e857A30c71929aeC897C744C4e6716A88507D,26.0026,0.00084846,2023-06-24T06:45:26.993Z,a23ab0b2-9731-4c17-ac92-54410eddd4ef,pending,3
1677,0x44A5357500804B18f337cfcdDbc7231F2aBeC073,20.002,0.0014912,2023-06-24T08:22:19.846Z,999e5e21-108b-4432-a09d-ded5b8635db1,pending,6
1678,0x44A5357500804B18f337cfcdDbc7231F2aBeC073,20.002,0.0007176,2023-06-24T08:23:27.394Z,2256195d-c734-4b60-9fdf-efdff631a46c,pending,5
1679,0x5702CcA32E375F487F44E87914b84C19d7Ba0305,10.001045,0.00043514,2023-06-24T11:03:11.031Z,2a392d8c-27e2-47bc-8731-a43bf83a404b,pending,2
1680,0x5702CcA32E375F487F44E87914b84C19d7Ba0305,0.010001,0.00034568,2023-06-24T11:04:34.996Z,1b9837cb-3476-4cd0-9884-9a4c12117876,pending,4
1681,0x5702CcA32E375F487F44E87914b84C19d7Ba0305,13.0013,0.00042423,2023-06-24T11:05:06.729Z,c410f00e-e332-48cf-8d5d-07619f177e96,pending,3
1682,0x5702CcA32E375F487F44E87914b84C19d7Ba0305,5.0005,0.0001794,2023-06-24T11:05:30.257Z,d4e95a8a-e569-4a9f-b37a-4f94e2af5502,pending,5
1683,0x5702CcA32E375F487F44E87914b84C19d7Ba0305,5.0005,0.0003728,2023-06-24T11:05:58.405Z,648b53fb-430a-4f34-84ee-cd263f2064e3,pending,6
1684,0x1f47a35fD593B3d80d35b031D2927A822Dbe2542,10.001045,0.00043514,2023-06-24T11:10:14.772Z,833011fc-4b95-4109-a116-9a75fc2a32ba,pending,2
1685,0x1f47a35fD593B3d80d35b031D2927A822Dbe2542,13.0013,0.00042423,2023-06-24T11:10:37.154Z,8d8b7b9c-87f0-4778-9bcf-6f848d8715ff,pending,3
1686,0x1f47a35fD593B3d80d35b031D2927A822Dbe2542,0.010001,0.00034568,2023-06-24T11:10:54.479Z,c27fa87c-e371-4a58-aae4-51cec0bb05b9,pending,4
1687,0x1f47a35fD593B3d80d35b031D2927A822Dbe2542,5.0005,0.0001794,2023-06-24T11:11:13.076Z,89e878ae-9bbd-4e50-a622-8af5472009f0,pending,5
1688,0x1f47a35fD593B3d80d35b031D2927A822Dbe2542,5.0005,0.0003728,2023-06-24T11:11:34.261Z,8113ac13-bc1f-40fa-a407-7ab84e9fa06d,pending,6
1689,0x7d4152f024Ef507d84e34125b33130D129E4A244,40.00418,0.00174056,2023-06-24T11:17:11.398Z,4e012275-93d8-43e2-9b8c-0d8a146ba25c,pending,2
1690,0x7d4152f024Ef507d84e34125b33130D129E4A244,52.0052,0.00169692,2023-06-24T11:17:36.771Z,4e22592e-b4b8-47f6-8a23-7b1afcdd6100,pending,3
1691,0x7d4152f024Ef507d84e34125b33130D129E4A244,0.040004,0.00138272,2023-06-24T11:18:05.728Z,571fc819-e50c-4022-b9ea-a0aed2d4830d,pending,4
1692,0x7d4152f024Ef507d84e34125b33130D129E4A244,20.002,0.0007176,2023-06-24T11:18:49.313Z,8d1ed6d5-4b6d-4d65-b2e3-5926df5511f9,pending,5
1693,0x7d4152f024Ef507d84e34125b33130D129E4A244,20.002,0.0014912,2023-06-24T11:19:46.546Z,bdecc866-8d1e-4b60-a59c-515abdf90b25,pending,6
1694,0x75b217D3142A3914393A04d1C3D03a11DAD4d4f1,0.150015,0.0051852,2023-06-24T11:55:42.615Z,8bd89972-63bc-4c37-8c92-42dee9b36cba,pending,4
1695,0x75b217D3142A3914393A04d1C3D03a11DAD4d4f1,75.00749999999999,0.002691,2023-06-24T11:56:15.503Z,bd5081ae-5153-440a-8b78-07731905e4b0,pending,5
1696,0x90c2763AB3AE02cB5D0b1625d4AbBb5273ED3656,5.0005,0.0001794,2023-06-24T12:41:15.239Z,01f0eb14-b140-43b6-9d5f-b95fc7566a55,pending,5
1697,0x90c2763AB3AE02cB5D0b1625d4AbBb5273ED3656,5.0005,0.0003728,2023-06-24T12:41:40.783Z,26558a0f-d952-4a11-9ce5-78fef3c69b7f,pending,6
1698,0x63026d769f7D45FCbff3862e4A7C47c4dEfb4e29,10.001,0.0003588,2023-06-24T13:25:33.818Z,1407f27d-36fb-4bb5-9aef-4d72453a4400,pending,5
1699,0x54D1779eF28efb4cC0c24E3a0eF43e8A3862b873,15.0015,0.0005382,2023-06-24T13:31:34.063Z,5034f5c9-bfb2-4dd7-bbc8-d3969ea06d88,pending,5
1700,0x54D1779eF28efb4cC0c24E3a0eF43e8A3862b873,15.0015,0.0011184,2023-06-24T13:33:02.799Z,d077172b-f46b-45b5-890e-c30037772ab8,pending,6
1701,0xB53006a3cC660AB150ce377EEe025F3A269A7ac9,39.0039,0.00127269,2023-06-24T14:34:15.024Z,d6524911-cf25-4e2b-b2bf-68ac92dac74e,pending,3
1702,0xB53006a3cC660AB150ce377EEe025F3A269A7ac9,0.030003,0.00103704,2023-06-24T14:34:43.912Z,81ff4f2b-acaf-427a-ac25-fe12a906ff53,pending,4
1703,0xB53006a3cC660AB150ce377EEe025F3A269A7ac9,15.0015,0.0005382,2023-06-24T14:34:53.374Z,e5fa02c9-9c43-4a28-baa6-b2abc635aa8c,pending,5
1704,0xB53006a3cC660AB150ce377EEe025F3A269A7ac9,15.0015,0.0011184,2023-06-24T14:34:58.717Z,9d8c88ce-e363-4581-82b9-37ab0c44fff3,pending,6
1705,0x60e7Fd2791868041e6cE1890b89Ed00Db60F7D84,10.001,0.0007456,2023-06-24T15:59:53.129Z,641610d5-1279-4386-995a-a23e44b7326e,pending,6
1706,0x1Fb0a9713007cBD94F34AEb784F07F20De7570D7,10.001,0.0007456,2023-06-24T16:39:13.490Z,b6090693-d4ba-4932-bf6b-fb2a20ee1840,pending,6
1708,0xdeB8ABA616e16d523B97cEeE571aA70bE91B9d65,30.003135,0.00130542,2023-06-24T16:57:46.982Z,6f59b378-c197-4139-ac6a-1429516756c7,pending,2
1709,0xdeB8ABA616e16d523B97cEeE571aA70bE91B9d65,39.0039,0.00127269,2023-06-24T17:00:39.271Z,44c13ee6-3854-49ff-8e39-67310907d61d,pending,3
1710,0xdeB8ABA616e16d523B97cEeE571aA70bE91B9d65,0.030003,0.00103704,2023-06-24T17:02:10.328Z,d71162b3-6b64-42ae-9f11-a0eeb521f697,pending,4
1711,0xdeB8ABA616e16d523B97cEeE571aA70bE91B9d65,15.0015,0.0005382,2023-06-24T17:03:42.163Z,0dcf4342-f401-4403-aa07-1bd8433b3ab9,pending,5
1712,0xdeB8ABA616e16d523B97cEeE571aA70bE91B9d65,15.0015,0.0011184,2023-06-24T17:05:09.890Z,45ef1ca7-4631-4de9-a649-20bf813eef8f,pending,6
1713,0x73CE63AD14cCc5b29C6A34D3D13c47Caf84BAF67,5.0005,0.0003728,2023-06-24T18:15:14.498Z,3d8010f1-99e8-48a7-ad1a-7653216d2851,pending,6
1714,0xeC7E6ca7c3bdb1CfD776F8E0529846f6bF25D647,13.0013,0.00042423,2023-06-24T18:17:55.066Z,9e2b04c4-359e-4dd7-9b51-df132dbf4f2d,pending,3
1715,0xF1B3ae239210E03c38800831f74961f763B9CEa6,10.001,0.0007456,2023-06-24T20:26:03.069Z,fe6d1269-ad67-4442-ac1a-8cc082a9aead,pending,6
1716,0x8D5B410A3edbd1eF711b11e008B01c13f7201Cc8,5.0005,0.0003728,2023-06-25T00:33:01.780Z,5292d660-c620-48e5-96e0-a2ca99489b7f,pending,6
1717,0x8D5B410A3edbd1eF711b11e008B01c13f7201Cc8,10.001045,0.00043514,2023-06-25T00:34:11.449Z,9f207e69-a2f6-4fc2-88e0-45e43f9043e3,pending,2
1718,0x54a0ae879f289A397b9978ad2B202548b8639528,15.0015,0.0005382,2023-06-25T01:04:20.704Z,b467afaf-639f-47ed-b4d8-0d92834a38f8,pending,5
1719,0x54a0ae879f289A397b9978ad2B202548b8639528,15.0015,0.0011184,2023-06-25T01:04:49.617Z,48f33c89-63f8-45b4-8484-fed9dd7ad8c2,pending,6
1720,0xD2225a137E328502b8a8f8e98BFEf59b7Ff25cb4,0.110011,0.00380248,2023-06-25T02:25:19.441Z,7dc3a299-a3cb-4aab-91da-40ec7a3fc1af,pending,4
1721,0xA6143CE392a02ca9534C72D8fccbF1E65Df6A4BE,5.0005,0.0003728,2023-06-25T03:02:02.850Z,251a47d6-c52f-4eee-8439-db0935b20fa0,pending,6
1722,0xF5b39B0435bB1db291E49d89b138fD7B205679e9,5.0005,0.0003728,2023-06-25T04:02:49.367Z,6052297f-f60c-44d8-9674-94996829ba4a,pending,6
1723,0xCb7d19A8f86cf919EE4FefD7eb5EF4C31fB868a8,25.0025,0.000897,2023-06-25T06:15:26.089Z,474e8730-f1e8-407e-935f-5f89ad73e8a4,pending,5
1724,0xCb7d19A8f86cf919EE4FefD7eb5EF4C31fB868a8,0.05000499999999999,0.0017284,2023-06-25T06:15:48.874Z,7810227b-3b56-4b20-a6e3-a3fbf7e52707,pending,4
1725,0xCb7d19A8f86cf919EE4FefD7eb5EF4C31fB868a8,65.0065,0.00212115,2023-06-25T06:16:02.181Z,f178a384-9f3a-4822-ae3d-6c89ad46f760,pending,3
1726,0xCb7d19A8f86cf919EE4FefD7eb5EF4C31fB868a8,50.005225,0.0021757,2023-06-25T06:16:12.938Z,a1252a81-092a-4527-941b-0c64c4bbbec9,pending,2
1727,0x405D9415Ae465a3b0394F66c487289d37452673f,20.002,0.0014912,2023-06-25T06:28:19.271Z,2524e1db-d8aa-486b-8ea9-d391880551d5,pending,6
1728,0x8e429377F1B80a271F4AFb395538f532463dc94c,40.00418,0.00174056,2023-06-25T07:51:42.337Z,3b5fa639-cba7-41bb-b454-f8812dc9458b,pending,2
1729,0x8e429377F1B80a271F4AFb395538f532463dc94c,52.0052,0.00169692,2023-06-25T07:52:13.659Z,9ff98de1-16d3-4cea-a17a-d7b59028d08c,pending,3
1730,0x8e429377F1B80a271F4AFb395538f532463dc94c,0.040004,0.00138272,2023-06-25T07:52:30.809Z,ad943ff7-62b2-4834-a665-5d8511f7c6fb,pending,4
1731,0x8e429377F1B80a271F4AFb395538f532463dc94c,15.0015,0.0005382,2023-06-25T07:52:55.205Z,7e72edb2-409e-4849-811b-d8e21c7988ae,pending,5
1732,0x8e429377F1B80a271F4AFb395538f532463dc94c,20.002,0.0014912,2023-06-25T07:53:10.755Z,376b50d3-9bb0-486f-868d-c0369eabf7a0,pending,6
1736,0x9eBa5857930dcC9183bB92ee6B9DCd1622A8f477,50.005,0.003728,2023-06-25T13:18:15.452Z,47964a2e-7213-4b7d-9695-d3e2279d5c10,pending,6
1737,0x622dd34382000423624cbE5bd44c97F3b766179A,5.0005,0.0003728,2023-06-25T13:44:36.087Z,0678ea4b-d29d-48fe-8ffb-652fe6a12790,pending,6
1740,0xE1Cc01332a79c270C1F682D2990A3Cfc8be6cec5,0.010001,0.00034568,2023-06-25T13:50:06.464Z,443458a5-5e39-4e5b-875a-899d4292d80a,pending,4
1741,0xbF6e7c82b5fC864A03f0F7bA9A4bC1c8977C72d0,10.001045,0.00043514,2023-06-25T16:34:48.086Z,b6cea0e9-457a-4642-8d4e-541e287a2fbd,pending,2
1742,0xbF6e7c82b5fC864A03f0F7bA9A4bC1c8977C72d0,13.0013,0.00042423,2023-06-25T16:36:42.572Z,560ddf70-1e22-4a7c-80c7-b97cf8c30392,pending,3
1743,0xbF6e7c82b5fC864A03f0F7bA9A4bC1c8977C72d0,0.010001,0.00034568,2023-06-25T16:37:00.040Z,bef8bee5-0d94-4da2-abae-3cad5e140613,pending,4
1744,0xbF6e7c82b5fC864A03f0F7bA9A4bC1c8977C72d0,5.0005,0.0001794,2023-06-25T16:37:16.262Z,a26c874a-f805-407a-b30e-93e569e20db0,pending,5
1745,0xbF6e7c82b5fC864A03f0F7bA9A4bC1c8977C72d0,5.0005,0.0003728,2023-06-25T16:37:28.080Z,aa7f57c7-9e21-41d0-9de6-d484b7b57edf,pending,6
1746,0x2674A1b941653B230c784a77ed8459FE09Acc63a,10.001045,0.00043514,2023-06-25T17:20:23.251Z,503ba3e9-c547-4fd8-8a7a-0d9e742ee0fa,pending,2
1747,0x2674A1b941653B230c784a77ed8459FE09Acc63a,13.0013,0.00042423,2023-06-25T17:20:45.688Z,05ba4e0d-494b-4eb5-af6c-382ace8d3309,pending,3
1748,0x2674A1b941653B230c784a77ed8459FE09Acc63a,0.010001,0.00034568,2023-06-25T17:20:59.183Z,5c96e0af-1b88-4852-8aa1-d74dbe4f3152,pending,4
1749,0x2674A1b941653B230c784a77ed8459FE09Acc63a,5.0005,0.0003728,2023-06-25T17:21:45.391Z,73219897-5961-43c2-b480-98af3760e289,pending,6
1750,0x6e6Dc8214F0cEA542AB857eB9804b0c6232D1C24,45.0045,0.0033552,2023-06-25T22:21:02.106Z,2a2d188d-4b8e-42e7-a974-f9df7cfb5117,pending,6
1751,0x6e6Dc8214F0cEA542AB857eB9804b0c6232D1C24,5.0005,0.0003728,2023-06-25T22:21:43.121Z,7fe68043-2851-4cb5-8ff7-ef51ffe9153f,pending,6
1752,0x1F80C96733B740FfE1B65f0D6B8e200DEE3f66Fc,50.005225,0.0021757,2023-06-25T22:50:51.360Z,0423ce35-57e6-4626-b9cb-0bb5262c23c3,pending,2
1753,0x1F80C96733B740FfE1B65f0D6B8e200DEE3f66Fc,65.0065,0.00212115,2023-06-25T22:51:57.650Z,3f6b20a3-6312-4832-b6b1-622babf0ad19,pending,3
1754,0x1F80C96733B740FfE1B65f0D6B8e200DEE3f66Fc,0.05000499999999999,0.0017284,2023-06-25T22:52:34.494Z,b6729aae-8a97-462d-b387-d0e9b8c39fa6,pending,4
1755,0x1F80C96733B740FfE1B65f0D6B8e200DEE3f66Fc,25.0025,0.000897,2023-06-25T22:53:04.209Z,2b65ea62-da50-4643-a4c0-a0484ac732d3,pending,5
1756,0x1F80C96733B740FfE1B65f0D6B8e200DEE3f66Fc,25.0025,0.001864,2023-06-25T22:53:36.598Z,50183723-5fc9-49ee-a41b-b53308f8c460,pending,6
1757,0x9a493D269D4Dd2000646d6d49eD2a488fDD69e22,0.010001,0.00034568,2023-06-26T00:10:32.051Z,2ad96396-f2a2-41df-8964-a14b29ab14a1,pending,4
1758,0x9a493D269D4Dd2000646d6d49eD2a488fDD69e22,5.0005,0.0001794,2023-06-26T00:11:10.088Z,a698da80-153c-4f67-8cb9-772793f2e61c,pending,5
1759,0x9a493D269D4Dd2000646d6d49eD2a488fDD69e22,5.0005,0.0003728,2023-06-26T00:11:40.288Z,583a9e7d-1d9b-4178-b2df-934b9ab4ada2,pending,6
1760,0x7f77FfA3Bc167f6707144b680759AFDa6e2De083,70.00731499999999,0.00304598,2023-06-26T01:31:54.421Z,96fc785a-f393-44bb-a588-69474d5d7f17,pending,2
1761,0x2e85ea08ADEd3EE0D9074779A17456d8377445A3,25.0025,0.001864,2023-06-26T02:26:00.594Z,eed47c10-1622-4f7b-b53b-c1e2f5de95e1,pending,6
1762,0x2e85ea08ADEd3EE0D9074779A17456d8377445A3,25.0025,0.000897,2023-06-26T02:26:23.227Z,6903fea9-a5be-4d0e-bba5-27d8573c5425,pending,5
1763,0x6bD99B033AEF2e927385F4A6Df206Aff979e75d8,25.0025,0.001864,2023-06-26T04:03:22.251Z,a1c789b9-efc2-4e0a-b3dc-6aeaf0c4994b,pending,6
1764,0x6bD99B033AEF2e927385F4A6Df206Aff979e75d8,25.0025,0.000897,2023-06-26T04:03:48.668Z,e3185770-9c24-4dac-817b-b47cc0cb0a33,pending,5
1765,0xAa55a818cE6D83DA30f1296D41074Dc1AbD9C4f0,20.002,0.0007176,2023-06-26T06:11:41.078Z,708ad197-1009-4966-aa07-632d22fee553,pending,5
1766,0xAa55a818cE6D83DA30f1296D41074Dc1AbD9C4f0,20.002,0.0014912,2023-06-26T06:12:01.541Z,e3d59c74-fd71-4a41-b38f-1f7e3c696e3e,pending,6
1767,0x4743409d5427F85793B6697014465BC311062c2C,0.030003,0.00103704,2023-06-26T08:17:38.198Z,b905beaa-88f0-4a7b-bcb7-265d59bb3a92,pending,4
1768,0x4743409d5427F85793B6697014465BC311062c2C,15.0015,0.0005382,2023-06-26T08:18:12.981Z,4219ab46-c90a-48a2-aa88-f6e696e82e77,pending,5
1769,0x4743409d5427F85793B6697014465BC311062c2C,15.0015,0.0011184,2023-06-26T08:18:31.853Z,e8937943-32f6-464e-ba4a-85972bbd6d7c,pending,6
1774,0xB6BF3D746Be125F7A14733F879d476a06029ed23,5.0005,0.0001794,2023-06-26T14:58:13.381Z,b8cbb872-d82a-4686-9ef7-c08d9a1cf4a9,pending,5
1775,0x73A72Ea7f4B90e2465Bc3D2B2c1989f5df321c66,10.001045,0.00043514,2023-06-26T15:35:13.861Z,48c2d2f8-b261-4091-b199-7ebf46fcf414,pending,2
1776,0x73A72Ea7f4B90e2465Bc3D2B2c1989f5df321c66,13.0013,0.00042423,2023-06-26T15:36:08.996Z,b7f80fed-a2bb-4fb7-93fc-18da365166c8,pending,3
1777,0x73A72Ea7f4B90e2465Bc3D2B2c1989f5df321c66,0.010001,0.00034568,2023-06-26T15:36:24.649Z,b48b43ef-8e9d-47f7-846b-6677c03c1212,pending,4
1778,0x73A72Ea7f4B90e2465Bc3D2B2c1989f5df321c66,5.0005,0.0001794,2023-06-26T15:36:31.383Z,1abe405a-626a-4d2b-83f5-05b872649509,pending,5
1779,0x73A72Ea7f4B90e2465Bc3D2B2c1989f5df321c66,5.0005,0.0003728,2023-06-26T15:36:40.545Z,5138867b-0052-4f1c-836e-754b08d8fdc4,pending,6
1780,0x21F26a2d7d8516De4BF356E0854Db66ab5bEae0b,10.001,0.0007456,2023-06-26T16:23:04.407Z,ed91d773-1389-4679-96d8-72a906137825,pending,6
1781,0x21F26a2d7d8516De4BF356E0854Db66ab5bEae0b,10.001,0.0003588,2023-06-26T16:23:27.611Z,59951885-5fd3-4791-8058-d946d86d6390,pending,5
1782,0x21F26a2d7d8516De4BF356E0854Db66ab5bEae0b,0.020002,0.00069136,2023-06-26T16:23:43.093Z,5fecf85e-652d-4143-9c6c-503d59dbee03,pending,4
1783,0x21F26a2d7d8516De4BF356E0854Db66ab5bEae0b,26.0026,0.00084846,2023-06-26T16:23:59.132Z,515b8fae-e366-47b6-b6da-66a9dbfe9821,pending,3
1784,0x21F26a2d7d8516De4BF356E0854Db66ab5bEae0b,10.001045,0.00043514,2023-06-26T16:24:19.823Z,ef8a8c55-758d-4c68-b54f-041e3ddd7867,pending,2
1785,0xb6d5d1c74068AA9aA28c6a61362BdF164Cca13A4,60.006,0.0021528,2023-06-26T17:33:04.451Z,3b5ec827-17bf-4b9e-9ac2-3d364f926152,pending,5
1786,0xb6d5d1c74068AA9aA28c6a61362BdF164Cca13A4,60.006,0.0044736,2023-06-26T17:33:46.127Z,e86c7766-bcab-46f1-a221-71dc846f919a,pending,6
1787,0x1dB4040C23dB9620488b66a1bF8715Fe4C2eaA39,35.0035,0.0026096,2023-06-26T20:23:33.496Z,1262ce17-7b6a-4f57-af9a-84f89ca99b2a,pending,6
1788,0x1dB4040C23dB9620488b66a1bF8715Fe4C2eaA39,35.0035,0.0012558,2023-06-26T20:24:27.187Z,1ad6a409-6156-4768-90ba-fb57498cfc72,pending,5
1789,0x4d298158495b7Fc8ce63EBEDaC52B4f8EDc59EDE,13.0013,0.00042423,2023-06-26T20:40:57.949Z,15cfdadf-7517-4f31-8a21-32c6f4c7cf25,pending,3
1790,0x4d298158495b7Fc8ce63EBEDaC52B4f8EDc59EDE,10.001045,0.00043514,2023-06-26T20:47:42.798Z,f4ec560d-5bfb-4268-9bfd-4876cb4e319a,pending,2
1791,0x4d298158495b7Fc8ce63EBEDaC52B4f8EDc59EDE,0.010001,0.00034568,2023-06-26T20:48:08.418Z,2698ad98-b9c9-480a-8a2c-6d4708abef0c,pending,4
1792,0x4d298158495b7Fc8ce63EBEDaC52B4f8EDc59EDE,5.0005,0.0001794,2023-06-26T20:48:28.558Z,b85ab394-a37e-4747-8e6a-fcb97cff1357,pending,5
1793,0x4d298158495b7Fc8ce63EBEDaC52B4f8EDc59EDE,5.0005,0.0003728,2023-06-26T20:48:45.489Z,a9db846e-6629-4ce9-8ede-cff708c122ea,pending,6
1794,0xD4Ee2104aa4CeEb345d9358D60b402B3AB969bFc,10.001045,0.00043514,2023-06-26T23:13:34.356Z,cb68e73a-5840-4a48-b6c5-4d67cd8823ff,pending,2
1795,0xD4Ee2104aa4CeEb345d9358D60b402B3AB969bFc,13.0013,0.00042423,2023-06-26T23:33:09.313Z,f0bdf9b9-4bd6-48ab-83fa-148641fffe58,pending,3
1796,0xD4Ee2104aa4CeEb345d9358D60b402B3AB969bFc,0.010001,0.00034568,2023-06-26T23:34:08.314Z,1cb74815-4834-4351-acfc-e3ca282ea98a,pending,4
1797,0xD4Ee2104aa4CeEb345d9358D60b402B3AB969bFc,5.0005,0.0001794,2023-06-26T23:34:38.801Z,bbf88645-1eed-44e7-9b96-da789f96fbc1,pending,5
1798,0xD4Ee2104aa4CeEb345d9358D60b402B3AB969bFc,5.0005,0.0003728,2023-06-26T23:34:54.378Z,ed4ffdc6-3e6d-47e7-a256-48d9f25f4668,pending,6
1799,0x24edD2C8E0efbe6a712bDEDCc602c7a5f4567f61,10.001045,0.00043514,2023-06-27T00:03:48.180Z,80221d02-e50e-44cf-ad42-01d593600f29,pending,2
1800,0x644e5FBE2449d2AB5C6246630695C65Cb1c2aAC5,5.0005,0.0003728,2023-06-27T00:58:20.027Z,bfac2509-7821-4820-8484-697396a84b7f,pending,6
1801,0x24334d1CB4A07B39515C208F69B706e4Bab4d7c7,15.0015,0.0005382,2023-06-27T01:06:23.532Z,b4a9d471-6cbc-444c-95e0-718cef6502e7,pending,5
1802,0x24334d1CB4A07B39515C208F69B706e4Bab4d7c7,15.0015,0.0011184,2023-06-27T01:07:04.015Z,d3043714-e5c5-4149-8f64-2ac51046c4c8,pending,6
1803,0x6CfeCaD7599b4839221959190F4f5db9C24B62EB,20.00209,0.00087028,2023-06-27T01:44:16.093Z,3e5c33f1-ea01-4024-b45a-87e8eda507fa,pending,2
1804,0x6CfeCaD7599b4839221959190F4f5db9C24B62EB,26.0026,0.00084846,2023-06-27T01:45:44.263Z,479011ff-d58e-414c-9f7c-2e7fcf90e8cf,pending,3
1805,0x622e1F39dC2A4FAd9d652258d3eBAd06e55F980f,5.0005,0.0001794,2023-06-27T01:55:59.601Z,9fbdd1e7-ac0e-42cf-a704-525e1d85e306,pending,5
1806,0x622e1F39dC2A4FAd9d652258d3eBAd06e55F980f,5.0005,0.0003728,2023-06-27T01:56:20.510Z,1e51bf12-0dfc-4262-908d-531c1140601e,pending,6
1807,0xB2b0e1648f13DaBBf737b4120F3c2ad038A00e78,10.001,0.0007456,2023-06-27T04:02:05.586Z,fdd50d19-53dd-4bc0-ae88-36e148d3aabf,pending,6
1808,0xB2b0e1648f13DaBBf737b4120F3c2ad038A00e78,0.020002,0.00069136,2023-06-27T04:04:29.265Z,7f181e25-228a-4417-abab-2ec559a5cc2d,pending,4
1809,0x5C263af6460EB5Ecdb2707cA78aAf897041B9bc7,35.0035,0.0026096,2023-06-27T04:40:09.859Z,9fb28463-f4db-4879-8324-221233664bab,pending,6
1810,0x5C263af6460EB5Ecdb2707cA78aAf897041B9bc7,0.070007,0.00241976,2023-06-27T04:40:46.397Z,33a6cdd8-e202-450f-9834-0f4edce0f7de,pending,4
1811,0x5C263af6460EB5Ecdb2707cA78aAf897041B9bc7,35.0035,0.0012558,2023-06-27T04:41:43.507Z,caa4cbe1-1aa4-46cb-ba54-adaadea6bd80,pending,5
1812,0xA4Ff83D5e6Cb6d57227D43d8b3C0DbDA19D6293E,30.003135,0.00130542,2023-06-27T05:04:44.581Z,f3435637-ecf8-400e-b6d0-554eb3383fe7,pending,2
1813,0xA4Ff83D5e6Cb6d57227D43d8b3C0DbDA19D6293E,39.0039,0.00127269,2023-06-27T05:05:08.232Z,81f54f8e-1e06-4e02-b5d6-06cbd82e0594,pending,3
1814,0xA4Ff83D5e6Cb6d57227D43d8b3C0DbDA19D6293E,0.030003,0.00103704,2023-06-27T05:06:02.193Z,688af881-cf7b-4dbd-b627-26816d39c201,pending,4
1815,0xA4Ff83D5e6Cb6d57227D43d8b3C0DbDA19D6293E,15.0015,0.0005382,2023-06-27T05:06:45.757Z,12da1e89-74bd-4af9-b7cf-5f3b02a31dd1,pending,5
1816,0xA4Ff83D5e6Cb6d57227D43d8b3C0DbDA19D6293E,15.0015,0.0011184,2023-06-27T05:07:08.311Z,94b799c2-8164-46b8-b878-c1f13b7ab97f,pending,6
1817,0xe1F476C3d1CA210EF7AcfD66C59DE24c5034B192,110.011495,0.00478654,2023-06-27T09:44:44.439Z,60ea776c-9f61-443c-8c69-356fa7d8a37c,pending,2
1818,0xe1F476C3d1CA210EF7AcfD66C59DE24c5034B192,143.0143,0.00466653,2023-06-27T09:45:11.339Z,88c2dffc-7f6c-4059-b757-72d7fb507c21,pending,3
1819,0xe1F476C3d1CA210EF7AcfD66C59DE24c5034B192,0.110011,0.00380248,2023-06-27T09:45:31.889Z,f98fb63b-fc88-4d13-b0bb-a1dcef443a57,pending,4
1820,0xe1F476C3d1CA210EF7AcfD66C59DE24c5034B192,55.0055,0.0019734,2023-06-27T09:45:45.760Z,8b3ada10-3589-4dd4-9016-4532b5ebc2b3,pending,5
1821,0xe1F476C3d1CA210EF7AcfD66C59DE24c5034B192,55.0055,0.0041008,2023-06-27T09:45:52.468Z,1a03eea3-34ec-4a45-ad50-4e3aecd4388e,pending,6
1822,0xf25BeB50056a877Efc2d2406Dd19631fFbED119c,5.0005,0.0001794,2023-06-27T11:36:24.332Z,071d82e1-6387-4446-927c-c84f9b0b17ac,pending,5
1823,0xf25BeB50056a877Efc2d2406Dd19631fFbED119c,0.010001,0.00034568,2023-06-27T11:36:43.945Z,d58588cc-1a27-4c53-8d0e-23beefee3f14,pending,4
1824,0x84Cd8D787d90763D4264BA7a0275dBD3d2D7eb46,10.001,0.0003588,2023-06-27T12:57:03.662Z,dca9fe94-838a-48a4-8a98-ef8285bf7a3f,pending,5
1825,0x84Cd8D787d90763D4264BA7a0275dBD3d2D7eb46,0.020002,0.00069136,2023-06-27T12:57:31.018Z,1358c67f-1237-44e6-bf60-51a173b6b217,pending,4
1826,0x84Cd8D787d90763D4264BA7a0275dBD3d2D7eb46,26.0026,0.00084846,2023-06-27T12:58:00.988Z,8ad449ec-e9e4-45e8-a8a7-dc9c3e38c57f,pending,3
1827,0x88a1dc610aBF994e6895b6a63A4f4ecd6d41bB94,20.00209,0.00087028,2023-06-27T13:00:17.416Z,bf4d9f39-ffe4-4125-bd31-960c5bf9806e,pending,2
1828,0x88a1dc610aBF994e6895b6a63A4f4ecd6d41bB94,26.0026,0.00084846,2023-06-27T13:01:20.428Z,ef3bd2d7-70d5-4809-a8eb-c00fd75efedc,pending,3
1829,0x88a1dc610aBF994e6895b6a63A4f4ecd6d41bB94,0.020002,0.00069136,2023-06-27T13:01:31.213Z,78f46e74-ca9d-4272-ac4e-7bfbeb92f85a,pending,4
1830,0x88a1dc610aBF994e6895b6a63A4f4ecd6d41bB94,10.001,0.0003588,2023-06-27T13:01:43.270Z,bf2dfbb7-0d72-4562-86d1-ce72084ee663,pending,5
1831,0x88a1dc610aBF994e6895b6a63A4f4ecd6d41bB94,10.001,0.0007456,2023-06-27T13:01:54.427Z,9a92c820-c92e-4041-8a41-4e3e3329ed15,pending,6
1836,0x5f13585405690a5e11d10209C5c12639d36cA097,5.0005,0.0003728,2023-06-27T14:05:51.194Z,abd5ff4a-59ad-4a3d-b693-67123101641a,pending,6
1842,0x1Fb0a9713007cBD94F34AEb784F07F20De7570D7,5.0005,0.0003728,2023-06-27T16:03:36.580Z,87135816-870b-483b-8616-b1b87a86cb31,pending,6
1843,0x6CfeCaD7599b4839221959190F4f5db9C24B62EB,0.020002,0.00069136,2023-06-27T17:23:39.356Z,17e522e0-b937-4989-9d68-93676b024e95,pending,4
1844,0x6CfeCaD7599b4839221959190F4f5db9C24B62EB,10.001,0.0003588,2023-06-27T17:24:21.242Z,3790a4d8-52c1-41df-89a7-673f79ebcc47,pending,5
1845,0x6CfeCaD7599b4839221959190F4f5db9C24B62EB,10.001,0.0007456,2023-06-27T17:25:07.006Z,6bd83ec2-4ab3-40ad-b800-e9df3110640a,pending,6
1850,0xB09Da12E3B2Ef19228155De5350233423dBc44a1,35.0035,0.0026096,2023-06-27T21:56:16.407Z,9b42c0c6-1360-470d-a799-2363a49cc363,pending,6
1851,0xF478D08395EC773E41A78342bb5dAb4F013EF376,70.00699999999999,0.0052192,2023-06-27T22:52:41.160Z,c58fe499-9578-4444-b12b-0473a859b7bb,pending,6
1852,0x4b5D0E3cF191331f2901651105474CAE5C2965c9,25.0025,0.001864,2023-06-28T00:07:27.349Z,cdfafb72-f52e-45c7-878a-ce30c419a675,pending,6
1853,0x0A19C090eABA898d0130328d3eEDe6Fc8dC83Fa2,5.0005,0.0001794,2023-06-28T02:03:57.039Z,110de0a4-d3c4-41ef-ba89-1d15b208fa6b,pending,5
1854,0x0A19C090eABA898d0130328d3eEDe6Fc8dC83Fa2,5.0005,0.0003728,2023-06-28T02:05:02.621Z,89220e7c-ede9-4b38-806d-bf2d3924b65e,pending,6
1855,0x0A19C090eABA898d0130328d3eEDe6Fc8dC83Fa2,0.010001,0.00034568,2023-06-28T02:05:21.309Z,1eb94626-3886-4ca1-afa1-ec85ae998cef,pending,4
1856,0x0A19C090eABA898d0130328d3eEDe6Fc8dC83Fa2,13.0013,0.00042423,2023-06-28T02:05:27.271Z,90b12088-4fa9-41c9-ae9c-9b265be759e5,pending,3
1857,0x0A19C090eABA898d0130328d3eEDe6Fc8dC83Fa2,10.001045,0.00043514,2023-06-28T02:05:32.644Z,840d8942-77a8-4db5-80f0-32dd8e736878,pending,2
1858,0x7921f3e4Fe9c532F9883b14117dddb53BC0c6a5F,0.05000499999999999,0.0017284,2023-06-28T02:47:27.079Z,fc1151db-1e39-448b-b4fc-2e7f596d618e,pending,4
1859,0x7921f3e4Fe9c532F9883b14117dddb53BC0c6a5F,25.0025,0.000897,2023-06-28T02:48:05.157Z,cfeec563-f365-4588-b3b6-ba9ede1d00a9,pending,5
1860,0x7921f3e4Fe9c532F9883b14117dddb53BC0c6a5F,25.0025,0.001864,2023-06-28T02:48:30.839Z,97bac915-0b50-41a2-9259-c55c1cb74365,pending,6
1861,0x7581c2AF80DB6aE48163Fba620d7426A5Ca6a545,15.0015,0.0011184,2023-06-28T03:58:51.685Z,1de85794-a499-41b3-b630-5115d0119db2,pending,6
1862,0x4B79ABa2498209A4c29faf972Ef9e1546623d4d8,30.003,0.0010764,2023-06-28T10:09:05.267Z,f6308f96-965a-412b-ba43-68eefb03a326,pending,5
1863,0x4B79ABa2498209A4c29faf972Ef9e1546623d4d8,30.003,0.0022368,2023-06-28T10:09:48.048Z,dc2dc197-5e78-49d8-8f9a-d71ee61922b5,pending,6
1864,0xe39850266D9647e68763A9e951f141043461ccAc,5.0005,0.0003728,2023-06-28T11:03:06.283Z,94f102a9-66f0-4dfc-b2b3-8d26d083ee73,pending,6
1865,0x8a7725fea732A2fbc342aB5C9bcF6d9984471016,135.0135,0.0048438,2023-06-28T12:27:39.616Z,9a83288c-7b0c-42ed-86a5-8a22b642e42d,pending,5
1866,0x8a7725fea732A2fbc342aB5C9bcF6d9984471016,135.0135,0.0100656,2023-06-28T12:28:05.646Z,b2cf376d-1dc9-4c43-9d98-e01887f0dfa1,pending,6
1867,0x570441E4907aD75317a819589E2Cf7e4a322Ae34,25.0025,0.001864,2023-06-28T12:35:47.587Z,1eaea057-bfc3-40bb-8766-6d940d08a28a,pending,6
1868,0xf66ff43d0CF416F97eF2EACb190bC99Dc4436391,13.0013,0.00042423,2023-06-28T17:31:00.579Z,ba0a25ac-b3fb-4718-b72d-d345de3fb21c,pending,3
1869,0xf66ff43d0CF416F97eF2EACb190bC99Dc4436391,10.001045,0.00043514,2023-06-28T17:32:25.872Z,b17f08a2-39a6-45c7-80ba-4c8602b5e629,pending,2
1870,0xC00Dc9fD9276C28BA3116dEE024309064D0D5DC3,26.0026,0.00084846,2023-06-28T18:12:56.866Z,87c24694-93e5-423e-ab8f-f577a4829244,pending,3
1871,0xC00Dc9fD9276C28BA3116dEE024309064D0D5DC3,0.020002,0.00069136,2023-06-28T18:13:51.682Z,d73a0422-254f-413a-a3d6-e2763e2c8f0d,pending,4
1872,0xC00Dc9fD9276C28BA3116dEE024309064D0D5DC3,10.001,0.0003588,2023-06-28T18:14:36.517Z,a69ea69b-6419-47e4-9773-3c514c2d08d6,pending,5
1873,0xC00Dc9fD9276C28BA3116dEE024309064D0D5DC3,10.001,0.0007456,2023-06-28T18:15:25.473Z,b5c0aa78-4c23-4aeb-9de5-9470c7fa972e,pending,6
1874,0x0039598B978e7CCBFB77FB3da834eA216C5219F7,5.0005,0.0003728,2023-06-28T20:52:13.744Z,7fd1a713-f088-4935-9a9c-b5b1e7bfee25,pending,6
1875,0x0039598B978e7CCBFB77FB3da834eA216C5219F7,5.0005,0.0001794,2023-06-28T20:54:35.012Z,a4f5dcc8-7270-42b1-9f6c-2243705a65ff,pending,5
1876,0x0039598B978e7CCBFB77FB3da834eA216C5219F7,13.0013,0.00042423,2023-06-28T20:54:49.981Z,3286a6dd-a1d8-4eef-8419-5e4df5096e7d,pending,3
1877,0x0039598B978e7CCBFB77FB3da834eA216C5219F7,10.001045,0.00043514,2023-06-28T20:54:58.038Z,336196c9-2cc8-463a-9651-23b099854c67,pending,2
1878,0x0039598B978e7CCBFB77FB3da834eA216C5219F7,0.010001,0.00034568,2023-06-28T20:58:48.215Z,d73fa395-121d-462c-8990-23883f856fa8,pending,4
1879,0xE75c8afA90A3bA2fbE259501A4C7d48c4539adf5,15.0015,0.0011184,2023-06-28T23:07:43.451Z,1b2978b8-6892-42dc-9465-a17026716043,pending,6
1880,0xE75c8afA90A3bA2fbE259501A4C7d48c4539adf5,39.0039,0.00127269,2023-06-28T23:08:01.688Z,059304f8-6899-4a61-8b2f-5962c85ee2d9,pending,3
1881,0xE75c8afA90A3bA2fbE259501A4C7d48c4539adf5,0.030003,0.00103704,2023-06-28T23:08:11.187Z,ad1cc1d4-ab7f-4b13-8ff2-bab648c02f4e,pending,4
1882,0xE75c8afA90A3bA2fbE259501A4C7d48c4539adf5,30.003135,0.00130542,2023-06-28T23:08:24.538Z,93412b6e-9c56-4897-9fc1-f044a62fab7c,pending,2
1883,0xE75c8afA90A3bA2fbE259501A4C7d48c4539adf5,15.0015,0.0005382,2023-06-28T23:08:55.209Z,86f90085-b9c4-4f5d-b186-b949c93a54df,pending,5
1884,0x1F7eFEe8f91F48C05Ae8220C9E58fD32824cD14b,50.005225,0.0021757,2023-06-29T05:57:57.453Z,c61bf53f-63f7-4e67-b1c0-28c0ffe726bd,pending,2
1885,0x1F7eFEe8f91F48C05Ae8220C9E58fD32824cD14b,65.0065,0.00212115,2023-06-29T05:58:45.085Z,6eaf5f99-a631-4a53-9f7d-7d17e7e7a209,pending,3
1886,0x1F7eFEe8f91F48C05Ae8220C9E58fD32824cD14b,0.05000499999999999,0.0017284,2023-06-29T05:59:16.532Z,24264c59-fa62-44c0-a660-961f8467d696,pending,4
1887,0x1F7eFEe8f91F48C05Ae8220C9E58fD32824cD14b,25.0025,0.000897,2023-06-29T06:00:01.842Z,83566f58-ee5b-4ad5-b08e-408ef4bd0ab6,pending,5
1888,0x1F7eFEe8f91F48C05Ae8220C9E58fD32824cD14b,25.0025,0.001864,2023-06-29T06:00:26.040Z,a6d79c2e-332f-4ed3-970a-d949c679ba45,pending,6
1889,0xE889C898b32F8A426C7B5119d5A2223b06296211,10.001,0.0007456,2023-06-29T07:26:37.202Z,27b979b3-589f-4094-8993-b8daabdd746f,pending,6
1890,0xE889C898b32F8A426C7B5119d5A2223b06296211,10.001,0.0003588,2023-06-29T07:27:14.300Z,83a8dafb-8734-4d49-9172-8b48f173f314,pending,5
1896,0xf3F90DA3990b2811f83d062d89de443190fb9CFc,125.0125,0.004485,2023-06-29T09:02:05.740Z,23d780ce-3b80-418c-8c0c-e791ddf29c87,pending,5
1897,0xf3F90DA3990b2811f83d062d89de443190fb9CFc,125.0125,0.00932,2023-06-29T10:04:01.542Z,722c9c26-cc31-465b-82f3-19e4efbf2b2f,pending,6
1898,0x5FCed0A30Db075d80536aDd414A487ca287bE1F1,5.0005,0.0003728,2023-06-29T11:59:22.657Z,f0f4e81b-eb47-4ec5-8027-92ddcac6b031,pending,6
1899,0x137B57a049D4f1284a845Bb4492BC6B94aC1F107,50.005225,0.0021757,2023-06-29T13:13:28.207Z,3287acb7-6eb4-436b-a3bd-ae46d6101c25,pending,2
1900,0x137B57a049D4f1284a845Bb4492BC6B94aC1F107,65.0065,0.00212115,2023-06-29T13:14:10.455Z,ff631533-5a40-4a68-aed1-a0d932c33a14,pending,3
1901,0x137B57a049D4f1284a845Bb4492BC6B94aC1F107,0.05000499999999999,0.0017284,2023-06-29T13:15:31.035Z,58555c36-a11b-439f-b1f4-d6066746eb18,pending,4
1902,0x137B57a049D4f1284a845Bb4492BC6B94aC1F107,25.0025,0.000897,2023-06-29T13:15:52.384Z,6bf74a89-79e5-44c5-943e-cd3d325c835d,pending,5
1903,0x137B57a049D4f1284a845Bb4492BC6B94aC1F107,25.0025,0.001864,2023-06-29T13:16:14.183Z,e131ded7-35d7-4af0-8029-751e8fc24adc,pending,6
1904,0x304A901BE65f7aC665F75dB0Ceb96f5e241Ce09E,20.00209,0.00087028,2023-06-29T17:43:24.912Z,6167de36-98a5-4e78-a777-0870e67d3259,pending,2
1905,0x304A901BE65f7aC665F75dB0Ceb96f5e241Ce09E,26.0026,0.00084846,2023-06-29T17:44:01.842Z,a27824a2-2c76-417a-aa69-5e9ab4507724,pending,3
1906,0x304A901BE65f7aC665F75dB0Ceb96f5e241Ce09E,10.001,0.0003588,2023-06-29T17:44:45.907Z,f5e8a97d-16ce-42cd-9129-53895d5970c4,pending,5
1907,0x304A901BE65f7aC665F75dB0Ceb96f5e241Ce09E,10.001,0.0007456,2023-06-29T17:45:08.876Z,11b71863-bd5f-4e52-8b87-9ec903eac939,pending,6
1908,0x304A901BE65f7aC665F75dB0Ceb96f5e241Ce09E,0.020002,0.00069136,2023-06-29T17:53:55.234Z,9d8a7723-6dc5-454d-b52b-c362bd7d0213,pending,4
1909,0xe79E94550BBE5Da6A894b3DE1D7189713ECeaBcf,5.0005,0.0003728,2023-06-29T19:12:01.036Z,a974a8e0-6a53-490c-9179-13536d03c44c,pending,6
1910,0xA06F54E6958ABb40833b6202cB50182F58412e1B,15.0015,0.0011184,2023-06-29T19:44:45.370Z,6edafd99-e464-48f5-a12a-ca7d48ceb092,pending,6
1911,0xe714DFc20f1A23666bE1425B67F996A3C2f22F4a,10.001,0.0007456,2023-06-29T21:14:57.155Z,93ea7e98-f113-48c3-bc0c-27374524a450,pending,6
1912,0x2225B11294180693e0101f7769E8C393889c20B9,15.0015,0.0011184,2023-06-29T23:33:27.912Z,56acd286-d8f9-4e95-8ac9-81020110c204,pending,6
1913,0xba7E3D1F3607A9D62F2D810D263c48143E4B73bd,10.001,0.0007456,2023-06-30T00:52:47.238Z,ecedf9a1-45cf-43d6-a0e0-463dd5712ca2,pending,6
1914,0xA2Cb41d3322A2960470683C7C95ad60076Cc9bD9,10.001045,0.00043514,2023-06-30T04:55:40.313Z,3e9be789-cbb0-4e14-9031-225e1df0213f,pending,2
1915,0xE38B04F83bB9c9648ceB86fd7D801C8D0768e3bC,5.0005,0.0003728,2023-06-30T06:12:24.185Z,3eb336f6-150b-45bc-95f5-8fec7383942d,pending,6
1920,0x19aCcdbE46e711f85D919962F1bCf16128BAb55f,15.0015,0.0011184,2023-06-30T08:37:23.295Z,2f1c7807-1829-45c5-a551-1aa1cf702c03,pending,6
1921,0x19aCcdbE46e711f85D919962F1bCf16128BAb55f,15.0015,0.0005382,2023-06-30T08:38:08.383Z,50327f4d-58a7-4271-91d9-02d49d94f738,pending,5
1922,0x19aCcdbE46e711f85D919962F1bCf16128BAb55f,0.030003,0.00103704,2023-06-30T08:38:35.001Z,0d07c988-1ff2-40de-808d-4f40a48faef0,pending,4
1923,0x19aCcdbE46e711f85D919962F1bCf16128BAb55f,39.0039,0.00127269,2023-06-30T08:38:54.958Z,bfe5f2f7-18ee-4d7a-9145-faacac9cf16f,pending,3
1924,0x19aCcdbE46e711f85D919962F1bCf16128BAb55f,30.003135,0.00130542,2023-06-30T08:39:10.196Z,70f58b92-c89c-4035-88aa-00147076b7e8,pending,2
1925,0x1BF120DAa7B91F32F08b1511e655C2F0C2d25c07,10.001,0.0007456,2023-06-30T11:11:52.493Z,556675d5-46d0-427f-b7da-bd982c024715,pending,6
1926,0x0074E01a21e9934680C883F0B1231c7B3953a589,5.0005,0.0003728,2023-06-30T11:17:46.613Z,fc9751dd-6ddc-432c-99f7-a53c848baa30,pending,6
1927,0xB424f29C203142b6f0DEb790c298dfAF5aF80C83,13.0013,0.00042423,2023-06-30T11:32:10.366Z,24e7ceb7-77c4-4763-a131-ccd0ee726adc,pending,3
1928,0xB424f29C203142b6f0DEb790c298dfAF5aF80C83,10.001045,0.00043514,2023-06-30T11:32:30.662Z,b569591a-faef-400c-81d9-26987dde67cf,pending,2
1929,0xB424f29C203142b6f0DEb790c298dfAF5aF80C83,0.010001,0.00034568,2023-06-30T11:32:39.181Z,dbefa1ee-1ded-4549-af6e-bc7f31e4f3f1,pending,4
1930,0xB424f29C203142b6f0DEb790c298dfAF5aF80C83,5.0005,0.0001794,2023-06-30T11:32:44.060Z,3cc63df5-d9b4-441f-a62c-f6391b4aa9df,pending,5
1931,0xB424f29C203142b6f0DEb790c298dfAF5aF80C83,5.0005,0.0003728,2023-06-30T11:32:52.158Z,8e35832c-5511-49e4-a6eb-dcfcd7cc4560,pending,6
1932,0x7733CAf0df52cBb77C0F2877663EaFad601327f7,10.001045,0.00043514,2023-06-30T14:20:57.560Z,4ef86f35-7e48-4ec1-80e4-80f604fe3f09,pending,2
1933,0x7733CAf0df52cBb77C0F2877663EaFad601327f7,5.0005,0.0003728,2023-06-30T14:22:22.672Z,20223250-169e-42dd-a33e-27f79ddb8a06,pending,6
1934,0x7733CAf0df52cBb77C0F2877663EaFad601327f7,5.0005,0.0001794,2023-06-30T14:22:42.811Z,443c58f1-6787-42f9-b073-8bb1afa90fc4,pending,5
1935,0x7733CAf0df52cBb77C0F2877663EaFad601327f7,0.010001,0.00034568,2023-06-30T14:23:06.412Z,f489155d-c6a4-4604-8ae7-6cfcb81bcd3b,pending,4
1936,0x7733CAf0df52cBb77C0F2877663EaFad601327f7,13.0013,0.00042423,2023-06-30T14:23:16.114Z,64e1212a-0488-4292-b80b-970e92d19afb,pending,3
1937,0xCacDa80aF59c0855b1ff66393EfCA4AC6d614621,10.001045,0.00043514,2023-06-30T15:41:28.171Z,7bd1c6e2-73f7-48f3-a5cb-a8e3d5be6f69,pending,2
1938,0xCacDa80aF59c0855b1ff66393EfCA4AC6d614621,13.0013,0.00042423,2023-06-30T15:41:52.550Z,43a0a8e8-784e-4bb6-bd59-6b6fc534394e,pending,3
1939,0xCacDa80aF59c0855b1ff66393EfCA4AC6d614621,0.010001,0.00034568,2023-06-30T15:42:03.209Z,3a314f26-5d3c-45a1-a399-1eedc84f5fef,pending,4
1940,0xCacDa80aF59c0855b1ff66393EfCA4AC6d614621,5.0005,0.0001794,2023-06-30T15:42:17.954Z,0631c8c0-9365-4a98-b59b-a6ed8605c6bc,pending,5
1941,0xCacDa80aF59c0855b1ff66393EfCA4AC6d614621,5.0005,0.0003728,2023-06-30T15:42:34.158Z,ab3d79e0-3975-4b93-bf68-ee3226a4d4d3,pending,6
1942,0x85Ce53a9b4A37267F5ebFA3A4BA6bD80F192D269,5.0005,0.0003728,2023-06-30T16:12:59.200Z,17537016-6a80-401d-8cdc-97428e00cb5a,pending,6
1943,0x8cA4BDF986676DF543Efa355Da2c447Fe562A0c1,5.0005,0.0003728,2023-06-30T17:41:17.161Z,6d50f36e-dcdc-40db-b0f5-1d91eed2207e,pending,6
1944,0x8cA4BDF986676DF543Efa355Da2c447Fe562A0c1,10.001045,0.00043514,2023-06-30T17:41:55.347Z,db9086a7-3f20-4f13-a821-75170ffcbaf7,pending,2
1945,0x8cA4BDF986676DF543Efa355Da2c447Fe562A0c1,13.0013,0.00042423,2023-06-30T17:42:15.960Z,503dba86-4a77-4152-be28-f3e2c376a354,pending,3
1946,0x8cA4BDF986676DF543Efa355Da2c447Fe562A0c1,0.010001,0.00034568,2023-06-30T17:42:32.179Z,2215751e-cdea-4ced-abdf-c4addbc73a5b,pending,4
1947,0x8cA4BDF986676DF543Efa355Da2c447Fe562A0c1,5.0005,0.0001794,2023-06-30T17:42:53.052Z,ae0e2e25-32be-4baa-86f2-c9240688f42e,pending,5
1948,0x2e7eD57E7B1b957fD88ccbc688c209861284D749,20.002,0.0014912,2023-06-30T17:52:52.391Z,84e78b81-7fce-4bcc-8bc6-def9ab8982ca,pending,6
1949,0x0856d291f7076562ca63Ca1204aB72e1862c245e,25.0025,0.001864,2023-06-30T17:59:56.833Z,fceedc21-8f5b-41fe-af8d-ba3e6b263f26,pending,6
1950,0x0856d291f7076562ca63Ca1204aB72e1862c245e,25.0025,0.000897,2023-06-30T18:00:09.914Z,9f58881c-0a23-47d5-b1e5-d8eb5a20c442,pending,5
1951,0x21881e4A6eA1f3CD40E531560D12e00d5CC64E4F,0.030003,0.00103704,2023-06-30T18:09:19.952Z,38f1c234-a8ee-4869-87fe-2331aee0d4a2,pending,4
1952,0x21881e4A6eA1f3CD40E531560D12e00d5CC64E4F,30.003135,0.00130542,2023-06-30T18:11:03.049Z,961ad855-51bd-424f-adda-07275afbf4af,pending,2
1953,0x21881e4A6eA1f3CD40E531560D12e00d5CC64E4F,39.0039,0.00127269,2023-06-30T18:15:57.722Z,c4743718-86e3-472a-b6a2-ecff38840e67,pending,3
1954,0x21881e4A6eA1f3CD40E531560D12e00d5CC64E4F,15.0015,0.0005382,2023-06-30T18:16:33.174Z,55b7d01d-6f7e-4e5c-82ea-e0f2cba1db66,pending,5
1955,0x21881e4A6eA1f3CD40E531560D12e00d5CC64E4F,15.0015,0.0011184,2023-06-30T18:16:51.557Z,48c8583b-07bd-48a9-b928-9e7340e927f0,pending,6
1956,0x4f922393d27FdFd68BDfca9A1541f374df820990,15.0015,0.0011184,2023-06-30T18:24:31.730Z,ca861b64-9d80-4240-8eaf-a2279b7ac60a,pending,6
1957,0xc6f84E7142Eeaf930c62584F45Ba7106BC3e2D68,10.001,0.0007456,2023-07-01T05:38:04.543Z,382a7340-3581-449e-90bd-006217adaa59,pending,6