ID,Address,USDT Amount,wBTC Amount,claimedAt,claimReqId,claimReqStatus
649,"0x7705b927efb2B17A0bd3FdFE83A48a196E63CC49","10.001","0.0007456","2023-06-02T13:31:20.839Z","8e76af79-a940-4d09-b29f-81aa8d584c59","pending"
650,"0xe2e22567f90aF98798218dC2388f297f9279037A","15.0015","0.0011184","2023-06-02T13:38:53.096Z","1ce59f08-0e4a-4b69-9fab-d1e6923690e2","pending"
651,"0xe2e22567f90aF98798218dC2388f297f9279037A","35.0035","0.0026096","2023-06-02T13:40:15.368Z","122b88b5-0928-4698-9604-1a6f9c0b67a1","pending"
652,"0xe2e22567f90aF98798218dC2388f297f9279037A","5.0005","0.0003728","2023-06-02T13:42:01.209Z","166b9d6a-1107-406b-bb39-8867961894dd","pending"
653,"0x9a5B7a54883a9CED51F97EbD7191Dc49049EDC11","5.0005","0.0003728","2023-06-02T13:43:30.369Z","aba18745-02cb-4ddf-9311-702db3c41310","pending"
654,"0x782228B254Ea2f4cB9C85766B4fda8e860b7Cb79","20.002","0.0014912","2023-06-02T13:45:56.896Z","670f1e80-0c45-49c6-aeb2-28be0bdd492c","pending"
655,"0x4556F3d8d43cfBDa144A8d2f27bd0Ba09ED00448","10.001","0.0007456","2023-06-02T14:04:40.949Z","6bb7f306-119d-4554-ba96-dc3c4dc82aeb","pending"
656,"0x4556F3d8d43cfBDa144A8d2f27bd0Ba09ED00448","10.001","0.0007456","2023-06-02T14:06:12.633Z","a69cccd4-bb7e-43a8-a0a5-62a1b6ed9a08","pending"
657,"0x0098835f1FD38613c3a4b6d83284Fb7b804D7E20","15.0015","0.0011184","2023-06-02T14:28:32.127Z","dfc2ed00-b709-4873-a7fc-bb46de5cc236","pending"
658,"0x1182efD5B00a51B065b2f92B79277dC350A283Bd","25.0025","0.001864","2023-06-02T14:34:31.876Z","426a5aae-3ee5-42fd-9a0f-bbb2be722941","pending"
659,"0x2d59290C52053b51EE3b0f6AD7c38C52d867A297","15.0015","0.0011184","2023-06-02T14:43:20.486Z","80e79729-549f-47f6-9727-e8b4f2821164","pending"
660,"0x1532Ae55D8Ca89363c22C8a1dBB7685fa4759e69","5.0005","0.0003728","2023-06-02T15:25:19.813Z","5fe933d6-278c-4c64-baa6-3f8bf34ad446","pending"
661,"0xfAD24ccD63a9E36b7bd716151E11648d7363B00B","250.025","0.008970000000000001","2023-06-02T15:26:42.338Z","e03937b3-b91e-4d26-b87d-4a795791f2fd","pending"
662,"0xfAD24ccD63a9E36b7bd716151E11648d7363B00B","250.025","0.01864","2023-06-02T15:27:55.274Z","3120ae1f-4205-4313-9ba0-e23997816f13","pending"
663,"0xe24f71158035d3ea13ABcb16DE1B4f3FC1afA206","25.0025","0.001864","2023-06-02T15:36:17.244Z","26dbec9a-a796-4319-ac67-c22955f64e02","pending"
664,"0x7bA7fd8aB3C49E4B6755c7A008CC110A55629379","5.0005","0.0003728","2023-06-02T16:09:25.656Z","8420408c-39d3-4fb8-9646-1867eaf1f0c5","pending"
665,"0x6cFAfdfCC7c54Dda4890FE09dAdE030B6c5d0FE2","50.005","0.003728","2023-06-02T16:30:04.511Z","661c9d1a-2eaa-456b-907d-3da43699d10e","pending"
666,"0x6654433c3A18e1CE0746287872bdF6339ee8Ac96","5.0005","0.0003728","2023-06-02T16:34:55.474Z","8b13899e-eca1-4d93-95b8-2d2cbd8b2cb3","pending"
667,"0xFcd75d3076b2aC9E4833ca2679fab979809B5611","5.0005","0.0003728","2023-06-02T16:35:00.963Z","908894ed-a56d-47e5-bfcc-38623ebbf1ed","pending"
668,"0x70C65c8217458443Ca0b6FF9E171971B8d03b91e","5.0005","0.0003728","2023-06-02T16:41:30.622Z","4e78db7c-09b9-42c4-9e66-d07bd0872ba2","pending"
669,"0xEd5f92f2c2d562F981A13521d421F5a1Ff927f59","10.001","0.0003588","2023-06-02T16:43:39.407Z","6c78f176-c480-4f64-b565-1c3996317d51","pending"
670,"0xEd5f92f2c2d562F981A13521d421F5a1Ff927f59","10.001","0.0007456","2023-06-02T16:44:06.002Z","faef2757-5970-4db2-8c5d-6d086ebb4bbd","pending"
671,"0x40E7b62675aBF29299342e5F03402777bdF52257","10.001","0.0007456","2023-06-02T16:45:57.946Z","2877f95b-8c1c-473f-9f24-70488b1b73c4","pending"
672,"0x30b72c92a131cbeCd4d8f31C9226808cE78359C6","55.0055","0.0041008","2023-06-02T16:50:28.629Z","29d4ae84-a395-4e5b-ac34-4fd9f84a3ea2","pending"
673,"0x1d99e32FcB7a127cA7cC0D3Dd7Abb7bE7c07A360","40.004","0.0029824","2023-06-02T17:07:05.854Z","cf004276-3cc3-4dc2-8442-d4ff5a4c06b6","pending"
674,"0xeADE43BB7de36d613C8b8fF316e1DBaC3413Bb78","25.0025","0.001864","2023-06-02T17:21:56.713Z","2f2bcf97-8963-4cac-8cc3-4d37af877065","pending"
675,"0x8b91158d1f008B6326206C0ab75859a2D4af01D9","5.0005","0.0003728","2023-06-02T17:27:56.011Z","4ebcc218-df5e-448c-b192-76e4327a4701","pending"
676,"0x7596Af801049Dfd035c41F3B5c305B0c41138dd6","10.001","0.0007456","2023-06-02T17:29:23.147Z","e2080de0-aa52-4dcb-9778-e02c06dec7de","pending"
677,"0xBE8223b22F8377a96F4B40951268DAEa5939ce48","5.0005","0.0003728","2023-06-02T17:40:12.403Z","818d5699-2acd-4fad-b87c-54d42f04642b","pending"
678,"0xc7f2178d0e8DFD513ca4F9f0a229f0ea836D6890","25.0025","0.001864","2023-06-02T17:56:28.031Z","9e0737a0-5e02-4160-a440-b64750913b4a","pending"
679,"0x8cb2ca469526868803Dec461bCE7909766e63873","25.0025","0.001864","2023-06-02T18:02:49.213Z","3f9e1634-6e56-4727-ba53-5e1583cfa503","pending"
680,"0xf92711384db2e14c05Fa2b000eBeeB563989fD38","50.005225","0.0021757","2023-06-02T18:06:36.047Z","3d706973-f4bc-4826-81ad-a78cf0163b3f","pending"
681,"0x4133299B24309D6d2cBA207a22b23f5DFc80e4C9","5.0005","0.0003728","2023-06-02T18:07:26.844Z","50da8787-84ba-4988-afa1-530b78a12608","pending"
682,"0xf92711384db2e14c05Fa2b000eBeeB563989fD38","65.0065","0.00212115","2023-06-02T18:07:56.648Z","dd504be1-c87b-456f-a5e5-eea28dcb305c","pending"
683,"0xf92711384db2e14c05Fa2b000eBeeB563989fD38","0.05000499999999999","0.0017284","2023-06-02T18:09:56.264Z","60bd86a2-f14c-49bb-a06e-1c20a81b92d5","pending"
684,"0xf92711384db2e14c05Fa2b000eBeeB563989fD38","25.0025","0.000897","2023-06-02T18:10:40.713Z","a38396a7-105f-4d68-91ed-60b532dc9ee7","pending"
685,"0xf92711384db2e14c05Fa2b000eBeeB563989fD38","35.0035","0.0026096","2023-06-02T18:13:31.358Z","bad336ca-a32e-4058-9f00-54a7b882b6b4","pending"
686,"0xaF4E0a9260FFF246f0e78f3EcE286054268faeA2","10.001","0.0007456","2023-06-02T18:26:55.904Z","a3d2589b-1dea-4966-a3ee-f6b289470cf2","pending"
687,"0x850f53D16ECE6d4246348199036a2A47e89b5C77","5.0005","0.0003728","2023-06-02T18:32:10.418Z","b2d7d268-9449-40d2-ba35-a98764a4fd36","pending"
688,"0x16529AE45e04f048d8c7F651F7AbBD11bD93E055","10.001","0.0007456","2023-06-02T18:34:20.704Z","a758085a-cf8d-48db-af67-ae79377b5ac4","pending"
689,"0xEd810923e5eAF1A3Ff401d05B0FAC61ae46B209a","55.0055","0.0041008","2023-06-02T18:34:27.159Z","e96f0dcf-a123-4c71-9382-36c36de1efa1","pending"
690,"0xD4386a878b76715537B2f030F11A4ac933906dAF","5.0005","0.0003728","2023-06-02T18:43:24.070Z","2c3fcc9d-c8a3-4784-a2cb-8707cf391edd","pending"
691,"0x514425A9C2A16049582c5Be9d62A98850f61B775","250.025","0.01864","2023-06-02T18:43:55.931Z","c5e84cb4-5b16-41ca-aa6c-3fdfe2a5cbd1","pending"
692,"0xD4386a878b76715537B2f030F11A4ac933906dAF","5.0005","0.0003728","2023-06-02T18:43:55.982Z","8f7a3462-d5ef-476d-adfb-e75d87227835","pending"
693,"0x9e27731578c37154a6d5ab1D884c3A4E28d519F8","20.002","0.0014912","2023-06-02T18:59:22.130Z","400e70d2-6937-4f9f-b954-8505913d14aa","pending"
694,"0x0ee0665DF0f6EF236955fBC7d3CdA3E353e2BC20","5.0005","0.0003728","2023-06-02T18:59:22.669Z","97c912d5-e4f8-49ad-80e0-0afcbb1258d1","pending"
695,"0xF2337Df84F13bc4236fc021AfE64F536D7DA4786","10.001","0.0007456","2023-06-02T19:15:38.579Z","90f5c3ce-cc58-425e-bf07-40cbf794132d","pending"
696,"0x740534C8855f1fD0102f537049d4C8833D956376","10.001","0.0007456","2023-06-02T19:32:09.523Z","f46db1e2-d7d0-4d99-97d6-834b2a7577c2","pending"
697,"0xb25e1c2861ed45a847940817323f0209C6651A11","0.010001","0.00034568","2023-06-02T19:57:49.741Z","63ece8cb-947a-4f93-8c99-f155bc077640","pending"
698,"0xb25e1c2861ed45a847940817323f0209C6651A11","5.0005","0.0001794","2023-06-02T19:58:20.786Z","5efac10e-1316-442e-8637-c11f2e36067e","pending"
699,"0x64fDc086931255B3214d14Dfe4ad961E9A8F293e","80.008","0.0059648","2023-06-02T20:05:40.387Z","82edd700-efd0-4bee-bc34-e71341466086","pending"
700,"0x5Ed201f6D1363d09E4069CDfEc304e4806A05E7f","0.010001","0.00034568","2023-06-02T20:10:28.705Z","0a9b7671-9447-4975-adec-c35d1ba66249","pending"
701,"0x5Ed201f6D1363d09E4069CDfEc304e4806A05E7f","5.0005","0.0001794","2023-06-02T20:10:57.230Z","cdf64312-e13a-45c0-85b6-de2e2ea04f05","pending"
702,"0x5Ed201f6D1363d09E4069CDfEc304e4806A05E7f","5.0005","0.0003728","2023-06-02T20:11:20.731Z","ebe04d5b-87c3-48c1-a3c3-55b9eda4f1aa","pending"
703,"0x0197E9707cdd8FaCB55478d82b8F15FBb9b24971","5.0005","0.0003728","2023-06-02T20:28:48.796Z","9bf4c832-16f7-4582-9752-acf0f5b4668b","pending"
704,"0x70147829cf79978BBb3Ed44F6141c1A520e14f7C","10.001045","0.00043514","2023-06-02T20:37:06.948Z","3feb7e54-6e5b-4f5d-8b4d-1ef976b8c620","pending"
705,"0x70147829cf79978BBb3Ed44F6141c1A520e14f7C","13.0013","0.00042423","2023-06-02T20:37:24.909Z","90547f2d-0926-4f2f-ae8d-da67dbc4c244","pending"
706,"0x70147829cf79978BBb3Ed44F6141c1A520e14f7C","0.010001","0.00034568","2023-06-02T20:37:37.804Z","08f77452-5852-4834-b7b2-75cb534a6aca","pending"
707,"0x70147829cf79978BBb3Ed44F6141c1A520e14f7C","5.0005","0.0001794","2023-06-02T20:37:51.956Z","ab3ade9d-49c6-4fed-8e0c-ff4a012afc56","pending"
708,"0xeF52d0013511c84F7e9E1D8370C7592a52adBc44","20.002","0.0014912","2023-06-02T20:47:48.858Z","18194082-ea5d-498d-9399-727196fd8fdd","pending"
709,"0x2F87518B7fBd046FB9780c5c5329Dd04Fd992740","15.0015","0.0011184","2023-06-02T20:49:43.958Z","9bc52608-0223-48a3-b3b9-d572925be782","pending"
710,"0x2F282773BE242E91A59F5c39368E02Bc783EA876","15.0015","0.0005382","2023-06-02T20:52:23.568Z","8e90c39b-718e-4b9a-9ac6-68c0237ce5bb","pending"
711,"0x2F282773BE242E91A59F5c39368E02Bc783EA876","15.0015","0.0011184","2023-06-02T20:53:10.011Z","66fa257a-876d-47b9-b460-938ff80c1fb6","pending"
712,"0xe9619C04ea2e62c49d5bC94ECB4bD4F054d256D5","15.0015","0.0011184","2023-06-02T21:02:56.488Z","a6dd02df-6178-4de1-a26e-8cbedd80e6fd","pending"
713,"0x6a06d75cd83860430BEF9CdDc37dA7b381818685","25.0025","0.001864","2023-06-02T21:16:00.580Z","c2c359b7-d2fa-48a0-971e-ff3d4a345313","pending"
714,"0x7E3Dd1c86F5ADbc54d2F287378b5cc8927349aBa","5.0005","0.0001794","2023-06-02T21:19:58.723Z","57b0bd59-5ea8-430e-8817-91ee74dcbd65","pending"
715,"0x7E3Dd1c86F5ADbc54d2F287378b5cc8927349aBa","5.0005","0.0003728","2023-06-02T21:20:15.580Z","9836ef8f-2bb7-4d82-b139-7870768144c3","pending"
716,"0xa05a15699f513952f13F92292bDff1408f200A14","5.0005","0.0003728","2023-06-02T21:31:14.690Z","44bcb32f-4e69-4ea6-974b-abea348aeb82","pending"
717,"0x3269A96EcA736e0e926542eD19E58ffBc6BbFb85","30.003","0.0022368","2023-06-02T21:37:06.698Z","012a4874-3dbc-491a-8699-7e547b572fcc","pending"
718,"0x17D5240035975e8a584de01E48198445270058D2","25.0025","0.001864","2023-06-02T21:37:19.030Z","473cb356-0c29-4b04-866e-337a550f898c","pending"
719,"0x3269A96EcA736e0e926542eD19E58ffBc6BbFb85","30.003","0.0010764","2023-06-02T21:37:33.641Z","e47964f2-c122-4f4c-ac2a-41698a153dcc","pending"
720,"0x3269A96EcA736e0e926542eD19E58ffBc6BbFb85","0.060006","0.00207408","2023-06-02T21:37:49.013Z","1223ec04-917c-4a8c-8887-7038fe741ff4","pending"
721,"0x3269A96EcA736e0e926542eD19E58ffBc6BbFb85","78.0078","0.00254538","2023-06-02T21:38:03.436Z","5e1ece95-3d69-4143-afe5-7d2c2e622fa0","pending"
722,"0x1B50AD8aB3Cda662d441dD79e9BFeA38751Be032","0.030003","0.00103704","2023-06-02T22:14:08.534Z","ef891962-8300-480b-b4a1-1009bbb79f59","pending"
723,"0x1B50AD8aB3Cda662d441dD79e9BFeA38751Be032","15.0015","0.0005382","2023-06-02T22:14:33.429Z","56fa68ed-e897-4aca-a1af-eae76d2e6d05","pending"
724,"0x1B50AD8aB3Cda662d441dD79e9BFeA38751Be032","15.0015","0.0011184","2023-06-02T22:14:52.672Z","6d5d00e5-583b-4a9c-8f08-dd67eaf6377a","pending"
725,"0x876F611950Ce5D7bC6800398b7D683bAcd0559D8","0.05000499999999999","0.0017284","2023-06-02T22:20:49.593Z","45dcf355-5431-4340-be04-fc266a9496d3","pending"
726,"0x3156f1a443BF0532032760E03a27854aCC23F770","10.001","0.0007456","2023-06-02T22:24:15.767Z","d75705ba-cab5-4d5e-b247-002d712ac760","pending"
727,"0xCfbC1eE67f7FaD546495839397d86C7415f3a29d","15.0015","0.0011184","2023-06-02T22:56:57.127Z","fefa7218-63bc-46f9-ab25-b64051247b78","pending"
728,"0x402E25Fe21d1b720dB596c407DcfE8FBE94c9819","125.0125","0.00932","2023-06-02T23:13:00.640Z","6b4245a0-9e48-4f59-a0d0-b6df3a952d7c","pending"
729,"0x1550f9D63551b9ba344BcE189e5Aff7df2406b22","5.0005","0.0003728","2023-06-02T23:23:15.678Z","ae30aa4d-3891-43d3-be3c-8ea92202f9c7","pending"
730,"0xBA271B0fC1B1810B16048F5d841391637Ea2cb27","10.001045","0.00043514","2023-06-02T23:25:09.903Z","e55af1cc-5e8a-4aa8-81ae-ed5e98d529c8","pending"
731,"0xBA271B0fC1B1810B16048F5d841391637Ea2cb27","13.0013","0.00042423","2023-06-02T23:25:36.996Z","d9d2456f-574b-4bf7-8280-a5e76abb231c","pending"
732,"0xBA271B0fC1B1810B16048F5d841391637Ea2cb27","13.0013","0.00042423","2023-06-02T23:25:49.706Z","ac615041-2881-4c20-980b-229b1ee7c79a","pending"
733,"0xBA271B0fC1B1810B16048F5d841391637Ea2cb27","5.0005","0.0001794","2023-06-02T23:26:04.123Z","98189b40-a721-470c-957f-dcdd9d4f37ce","pending"
734,"0xBA271B0fC1B1810B16048F5d841391637Ea2cb27","5.0005","0.0003728","2023-06-02T23:26:14.403Z","0f1c55cd-18ab-4108-a830-6bbe8cd5a1a2","pending"
735,"0xacEf9F9159d08c983e312AC50A5eDF141A2Aa869","5.0005","0.0003728","2023-06-02T23:35:39.038Z","fdc92933-3d54-4a1b-9a64-8b06b5e5d91c","pending"
736,"0x8Ff700823DCB0fD47BcfF6618beBB53942BF6Db7","20.002","0.0014912","2023-06-03T00:05:53.618Z","e507e5d4-7c52-45d6-a902-57be8ea5df18","pending"
737,"0x7fa6421Cf9b26C80b71CBeca80F04bA5c58fa3fC","55.0055","0.0041008","2023-06-03T00:08:17.456Z","6d8e6770-7bfb-463d-bc20-9c7b4685e7a7","pending"
738,"0x1AFE65acbc2936D32A2EB1bE0E7714cB65B38A1A","5.0005","0.0003728","2023-06-03T00:18:40.829Z","0d9d1bb6-8d69-49f3-b971-6767f8f1817b","pending"
739,"0x1AFE65acbc2936D32A2EB1bE0E7714cB65B38A1A","5.0005","0.0003728","2023-06-03T00:18:53.656Z","46887662-ef8e-4317-b353-3958a5fa60b2","pending"
740,"0x1AFE65acbc2936D32A2EB1bE0E7714cB65B38A1A","5.0005","0.0003728","2023-06-03T00:19:04.697Z","563715dc-7db5-46fa-8d25-b5a50fbe803e","pending"
741,"0x074a05806c0706994320b4ec0E4aD632f162E10f","10.001","0.0007456","2023-06-03T00:22:21.481Z","0d45a808-6266-44f0-9590-d6a46e7a12ed","pending"
742,"0x0186C880D49f78b6ef516e674446f4a1E893066e","20.00209","0.00087028","2023-06-03T00:40:13.703Z","4d3e1fce-00fe-459e-87b4-941278960d3f","pending"
743,"0x0186C880D49f78b6ef516e674446f4a1E893066e","26.0026","0.00084846","2023-06-03T00:42:53.126Z","f608cac7-b8f4-451b-83ba-1ca54a2489e2","pending"
744,"0x0186C880D49f78b6ef516e674446f4a1E893066e","0.020002","0.00069136","2023-06-03T00:43:13.731Z","68514219-d54a-42e7-bc16-2f8d9aa50db3","pending"
745,"0x0186C880D49f78b6ef516e674446f4a1E893066e","10.001","0.0003588","2023-06-03T00:43:31.769Z","c6bdbbad-4beb-44d3-8573-f14259474469","pending"
746,"0x0186C880D49f78b6ef516e674446f4a1E893066e","10.001","0.0007456","2023-06-03T00:43:46.784Z","406b9f22-89b0-4064-a11e-369a59a1f457","pending"
747,"0xf53A83256D4db2c44816d2B369e43D556A3AE746","5.0005","0.0003728","2023-06-03T00:55:05.506Z","21beebf5-59b8-4321-805f-501fc867befa","pending"
748,"0xD7171f33DAd845275895c8Bd18078e3df364ac04","10.001","0.0007456","2023-06-03T01:10:34.750Z","f05bc0db-3617-43e6-a5e9-ee41416113d2","pending"
749,"0x569014215a34d313e1169c288777c079112213E8","25.0025","0.001864","2023-06-03T01:18:28.445Z","bef1d55a-f086-4654-91ab-38b1306d909e","pending"
750,"0x876F611950Ce5D7bC6800398b7D683bAcd0559D8","0.05000499999999999","0.0017284","2023-06-03T01:39:08.830Z","05f75e38-796d-4180-bcda-381b7115646a","pending"
751,"0x3fFBd1EF207DB558cd6A71C326608f25E66CA73C","10.001045","0.00043514","2023-06-03T02:19:14.200Z","8b9949a6-7d4d-42a8-9999-5f1939e7688a","pending"
752,"0x3fFBd1EF207DB558cd6A71C326608f25E66CA73C","13.0013","0.00042423","2023-06-03T02:19:39.821Z","b842a5f1-3b91-4d8e-9155-225165be0613","pending"
753,"0x3fFBd1EF207DB558cd6A71C326608f25E66CA73C","0.010001","0.00034568","2023-06-03T02:19:54.695Z","1ae67b60-74fc-4dd8-8406-9b0646306425","pending"
754,"0x3fFBd1EF207DB558cd6A71C326608f25E66CA73C","5.0005","0.0001794","2023-06-03T02:20:09.029Z","571d425c-192b-4883-a85c-7317db087bf9","pending"
755,"0x3fFBd1EF207DB558cd6A71C326608f25E66CA73C","5.0005","0.0003728","2023-06-03T02:20:25.491Z","092c7156-a720-4f14-982b-f2cc48699861","pending"
756,"0xCb999d13D45B11EA3F047f410d66d03Db126b92C","55.0055","0.0041008","2023-06-03T02:22:30.993Z","b97b3183-daf0-4f51-8c5f-a50ca5f93d59","pending"
757,"0x4CB3AB583e5c2d83c5d1d637B5F48eE8062395C5","5.0005","0.0003728","2023-06-03T02:23:08.925Z","bb1c091b-93cd-4bd1-9531-5f4ea47d7023","pending"
758,"0xf01c1B8Df8Da6c9495Fe769bDEE8131C0CcD78d4","5.0005","0.0003728","2023-06-03T02:30:05.449Z","e28f48b9-2e24-4a86-a651-291d80ab61d2","pending"
759,"0x4Ef4a60799E6f48Be81e2044494cA394BD27Ff67","250.025","0.01864","2023-06-03T02:35:47.615Z","062f1dd7-b003-4f4e-b540-b7f6e737e9bd","pending"
760,"0xf71F19CAE44f01F502b6D3dAa28eC55Be854d1eB","15.0015","0.0005382","2023-06-03T03:06:22.295Z","1e95b25e-8f7d-41ea-a2c4-f5b1b6e4fd91","pending"
761,"0xf71F19CAE44f01F502b6D3dAa28eC55Be854d1eB","15.0015","0.0011184","2023-06-03T03:07:11.547Z","36d41c81-b635-4c04-a543-67e867b31c5d","pending"
762,"0x9d9D9060Ad6A4F5d08B393F7902bbb9985A0c4b7","5.0005","0.0003728","2023-06-03T04:16:15.707Z","757120d4-87eb-471f-9e1c-d5b64b26ac92","pending"
763,"0x856D1170eB63671439e5BB0F9907B2c33E58E595","5.0005","0.0003728","2023-06-03T04:57:19.514Z","97ea47fa-8d54-431b-9ea4-2d0ab5afded9","pending"
764,"0xb51e5DC522f35D2837a00cdd8f4efee4143Db15C","15.0015","0.0011184","2023-06-03T05:02:32.066Z","d78ca8f4-01fc-4cd8-9510-5c402285ce53","pending"
765,"0xCac97c99168eb14b46E1b70404F972b5B1136450","15.0015","0.0011184","2023-06-03T05:04:32.997Z","1b128823-94a1-4505-946c-3fc732f4b9dd","pending"
766,"0x081AF651551E1466C594493f4DfF022A8F367f1e","10.001","0.0007456","2023-06-03T05:05:16.083Z","859133a9-98e1-45fc-9bed-f90c94d1cd22","pending"
767,"0x510Fd08E42579E0B417C87DB14B539f784AF0707","5.0005","0.0003728","2023-06-03T05:21:29.529Z","fcf5376f-55f2-4119-a535-dfe2552d93f1","pending"
768,"0x8E6A30A188Df2f88F74900A43Feb96094Cb7e9Ce","10.001","0.0007456","2023-06-03T05:23:44.175Z","f946fc0f-3564-4188-a026-ff703b5e1067","pending"
769,"0x8E6A30A188Df2f88F74900A43Feb96094Cb7e9Ce","10.001","0.0003588","2023-06-03T05:25:00.871Z","307030c0-94cb-41a7-a68d-3019fd9f72d9","pending"
770,"0x8E6A30A188Df2f88F74900A43Feb96094Cb7e9Ce","10.001","0.0003588","2023-06-03T05:25:09.751Z","df1fb800-4258-4f45-86ee-d4837fed8637","pending"
771,"0x8E6A30A188Df2f88F74900A43Feb96094Cb7e9Ce","26.0026","0.00084846","2023-06-03T05:25:30.494Z","d0099dfb-6107-47b0-bbe2-a9a56c0ca456","pending"
772,"0x8E6A30A188Df2f88F74900A43Feb96094Cb7e9Ce","20.00209","0.00087028","2023-06-03T05:25:48.380Z","95763108-7de0-4a3d-8823-7b05d1b4a796","pending"
773,"0x1c556918FC9504c2D9d3a1BA614E1340E73Eb71c","15.0015","0.0011184","2023-06-03T05:26:07.876Z","9433bdcf-2b57-4718-b53f-431f948ac5e0","pending"
774,"0x94d3b4c578e6d5edC0b01d056F07D6f66A63FB51","15.0015","0.0011184","2023-06-03T06:19:52.861Z","08150d46-f1e1-4f13-9a30-2e16668a93cf","pending"
775,"0x64F15B7a09F77567D230772763B95346f81fDB09","10.001","0.0007456","2023-06-03T06:43:18.991Z","ffc45f33-f4d2-4825-b8bf-6b1836f7bc3a","pending"
776,"0xa07a161369D3De75B19e9BeC3Ef2aF1f9953eA19","20.00209","0.00087028","2023-06-03T06:53:38.492Z","f3b6414b-7a0a-46d7-97da-446fc439223a","pending"
777,"0xa07a161369D3De75B19e9BeC3Ef2aF1f9953eA19","26.0026","0.00084846","2023-06-03T06:54:20.652Z","c8aceee9-2a5d-4e91-b48c-e3afbd895c31","pending"
778,"0xa07a161369D3De75B19e9BeC3Ef2aF1f9953eA19","0.020002","0.00069136","2023-06-03T06:54:47.734Z","2041318c-8c85-494b-b68f-ef5fa8f91ef1","pending"
779,"0xa07a161369D3De75B19e9BeC3Ef2aF1f9953eA19","10.001","0.0003588","2023-06-03T06:55:16.092Z","2584e0ac-6577-45ff-a41b-89040b802150","pending"
780,"0xa07a161369D3De75B19e9BeC3Ef2aF1f9953eA19","10.001","0.0007456","2023-06-03T06:55:41.154Z","a3fc20f9-87c4-40fe-aaa5-1c686854fe37","pending"
781,"0x016084B4E35ED9e6bfB8A06ff634d40468C0626A","5.0005","0.0003728","2023-06-03T07:55:38.990Z","1c52559f-d758-49f4-8eea-40093f73f5b0","pending"
782,"0xAE95638067475b7184720Df85C071807e984736e","0.010001","0.00034568","2023-06-03T08:21:18.646Z","cc33c396-7c61-4014-b8ef-a15c182e49f3","pending"
783,"0xAE95638067475b7184720Df85C071807e984736e","5.0005","0.0001794","2023-06-03T08:21:41.532Z","4f94a34f-2e86-4273-801a-e76d6fb79e30","pending"
784,"0x36175dd4D97c308431F1B3Ef730cBd8cdf87b290","15.0015","0.0005382","2023-06-03T08:21:54.056Z","19a32645-bb57-447d-be2d-fd19944e7eb9","pending"
785,"0x36175dd4D97c308431F1B3Ef730cBd8cdf87b290","15.0015","0.0011184","2023-06-03T08:22:22.198Z","0416eb7f-ce1d-463a-972a-7600c2d833b5","pending"
786,"0xAE95638067475b7184720Df85C071807e984736e","5.0005","0.0003728","2023-06-03T08:23:19.044Z","a482f637-6d02-408c-b784-53b7ef06d638","pending"
787,"0xbd4898762545C08383803c7159cB03B33339AA26","20.002","0.0014912","2023-06-03T08:50:34.577Z","d9b19315-726b-49ef-90c4-c57df54542fe","pending"
788,"0x9B4096290CC38616Fe7bbB98e3301cd3F3e8cc76","5.0005","0.0003728","2023-06-03T08:52:57.962Z","635fe1d0-822f-40e8-a703-231e48c53dc1","pending"
789,"0xA57322a2b4F795dAAb3574fcCA26652BE1166585","110.011","0.0082016","2023-06-03T09:00:48.899Z","88e8cbf8-3d69-485b-b5b4-faa76831c55f","pending"
790,"0x15Bf92E24b12CEE517651263e42eD9CB5BB83852","15.0015","0.0011184","2023-06-03T09:12:16.912Z","2d3c602d-28d6-4231-a8cd-ff5b47dc448e","pending"
791,"0x0Cbf0b33549479A08b0e3ef7d3A72c1c90B5b5F9","5.0005","0.0003728","2023-06-03T09:35:55.323Z","6933951c-7dd4-4328-bf37-03ef9e68aa33","pending"
792,"0x8861B4257De92d7138AeC34a4E8Ed881F783F832","10.001","0.0007456","2023-06-03T09:47:32.645Z","6808ae64-d1a2-4424-97d3-8548c366f038","pending"
793,"0x8861B4257De92d7138AeC34a4E8Ed881F783F832","10.001","0.0007456","2023-06-03T09:47:54.586Z","256247dd-f083-4251-a48b-21fdda0574d2","pending"
794,"0x9857204aA5b7bF150d1993E655c479e26364083d","10.001","0.0007456","2023-06-03T10:16:56.223Z","04eced8b-3135-4302-ae07-83393b4ad460","pending"
795,"0xC5E6337fB1af1BF531d2AB516df36c8Db61bDd4A","15.0015","0.0011184","2023-06-03T10:41:28.513Z","1a8feb7c-7d31-46b8-a75c-a25e68d5235a","pending"
796,"0xf5a6058e8A1f72B7a66cb658542a7074B4D1f587","15.0015","0.0011184","2023-06-03T10:48:43.807Z","96db889b-a2c3-44ee-8c09-ed274660a1f8","pending"
797,"0x00A3c3cA483319b8e6C04D91145a455Ac9ABC8cB","15.0015","0.0005382","2023-06-03T10:48:57.728Z","6e5740c1-f365-4760-8a60-14ad150f7c02","pending"
798,"0x00A3c3cA483319b8e6C04D91145a455Ac9ABC8cB","20.002","0.0014912","2023-06-03T10:49:38.185Z","a026677c-2996-49c7-83c0-1bc5226b7755","pending"
799,"0x01000046000C8226C3CAC207AC8cd2af763b5963","10.001","0.0007456","2023-06-03T10:55:11.919Z","372c531d-5592-49d0-84c6-91785730c73b","pending"
800,"0xBBA8Ef452F7F34894d6A4deec9cb67bAC9769415","5.0005","0.0003728","2023-06-03T10:58:27.547Z","98509668-b665-4412-a6a7-1a70a8e986f0","pending"
801,"0xf145ad056DDD81e68EAa8E004ea43FC862c3F05C","10.001","0.0007456","2023-06-03T11:05:39.309Z","8a54ffea-c8a3-42b3-b54d-1a37492159f1","pending"
802,"0xf145ad056DDD81e68EAa8E004ea43FC862c3F05C","10.001","0.0003588","2023-06-03T11:06:14.392Z","dfabcdfc-c248-4c7f-be6d-7e1c95945560","pending"
803,"0xf145ad056DDD81e68EAa8E004ea43FC862c3F05C","0.020002","0.00069136","2023-06-03T11:06:36.215Z","fcb198b4-0743-4e7a-b2d9-d948842395c5","pending"
804,"0xf145ad056DDD81e68EAa8E004ea43FC862c3F05C","26.0026","0.00084846","2023-06-03T11:06:53.911Z","72d8cc85-8a9b-4b22-9e8f-b1d6a5f04142","pending"
805,"0xf145ad056DDD81e68EAa8E004ea43FC862c3F05C","20.00209","0.00087028","2023-06-03T11:07:10.221Z","a47431d6-0cc5-4c21-a8d1-f26921a0213f","pending"
806,"0xF57b1fd5fA68f6772321A7Ec71aBC1Ecc5308596","130.013585","0.00565682","2023-06-03T11:48:04.480Z","e6b629ae-3c04-4372-a218-ddc9ac34445a","pending"
807,"0xF57b1fd5fA68f6772321A7Ec71aBC1Ecc5308596","169.0169","0.00551499","2023-06-03T11:48:33.421Z","bc8b8c86-503a-4010-9a40-b41751e7c8da","pending"
808,"0xF57b1fd5fA68f6772321A7Ec71aBC1Ecc5308596","0.130013","0.00449384","2023-06-03T11:52:38.150Z","dbcd0a5b-daa0-4524-86a2-f16dde0eda9f","pending"
809,"0xF57b1fd5fA68f6772321A7Ec71aBC1Ecc5308596","65.0065","0.0023322","2023-06-03T11:53:03.506Z","d74852b7-d012-4450-8b2a-b5cb25022d12","pending"
810,"0xF57b1fd5fA68f6772321A7Ec71aBC1Ecc5308596","65.0065","0.0048464","2023-06-03T11:53:46.764Z","fae96e84-9c25-41e5-9c44-bf21ad1795b2","pending"
811,"0x876F611950Ce5D7bC6800398b7D683bAcd0559D8","65.0065","0.00212115","2023-06-03T11:55:43.337Z","27e74c26-9de2-49e8-8819-cd1ee6d782fb","pending"
812,"0x700500acCca5B65e672479E8c1CEBf022aF6EaE4","15.0015","0.0011184","2023-06-03T12:00:43.790Z","b549c366-0027-4f50-acfc-77a88cfdbf7a","pending"
813,"0x97Cc48Fe3E0C1bceaD7c897ac118AC1641b79E81","5.0005","0.0003728","2023-06-03T12:33:32.859Z","14626c27-9d04-466f-a88b-ee59c2e7e776","pending"
814,"0x40aD38b6d68aD32E25194B2Cb54079E5C99DD6A8","230.024035","0.01000822","2023-06-03T12:35:59.623Z","5a34c4c1-89a6-411a-9d98-22cb31a57d26","pending"
815,"0x40aD38b6d68aD32E25194B2Cb54079E5C99DD6A8","299.0299","0.00975729","2023-06-03T12:37:24.449Z","ddb150d1-969f-460d-b6ae-9e351d2e79d4","pending"
816,"0x40aD38b6d68aD32E25194B2Cb54079E5C99DD6A8","0.230023","0.00795064","2023-06-03T12:38:04.049Z","713c0d5b-d8a1-42e9-81a0-0ca13244aaf8","pending"
817,"0x40aD38b6d68aD32E25194B2Cb54079E5C99DD6A8","115.0115","0.0041262","2023-06-03T12:38:40.954Z","f8dc1e23-416e-4d67-bdba-05503ae5ee5e","pending"
818,"0x40aD38b6d68aD32E25194B2Cb54079E5C99DD6A8","125.0125","0.00932","2023-06-03T12:39:28.221Z","8dedb4d0-5fc8-407c-a504-c799d0b53063","pending"
819,"0xc5977887B8fa6FB4025cF3245EF79BfbA19e7d3e","75.00749999999999","0.005592","2023-06-03T12:48:17.363Z","20d66cbd-aefe-49a8-b024-3d5f08fb590c","pending"
820,"0x0877836E0ADA73E9C9992c901a4A7fcf03D4936B","20.002","0.0007176","2023-06-03T12:52:28.188Z","df8886da-ec32-472a-9066-c4a805f96d9b","pending"
821,"0x9a862c5CB00CD7bcf9E8f6B9B8506D117afaAcab","10.001","0.0007456","2023-06-03T13:04:09.002Z","addcb8fe-5860-4b5d-8b79-cddcd59d3580","pending"
822,"0x9C63Cc1515AB91bf0C754d6c1aeA5D7F1F410C38","60.006","0.0021528","2023-06-03T13:17:24.014Z","33a0555d-7b7e-4358-b4dc-d9dcad737fa1","pending"
823,"0x9C63Cc1515AB91bf0C754d6c1aeA5D7F1F410C38","60.006","0.0044736","2023-06-03T13:23:46.333Z","f2110b28-d99e-410f-a465-5e20c110758d","pending"
824,"0xcB75D89a292363994062Dc246d0029dDEd11bA54","25.0025","0.001864","2023-06-03T13:25:30.663Z","0acba716-7a44-4ba0-894e-d25fd0e32933","pending"
825,"0xcB75D89a292363994062Dc246d0029dDEd11bA54","25.0025","0.000897","2023-06-03T13:25:55.023Z","93a9fb01-1a66-4c63-84d8-2a386d1f5c93","pending"
826,"0xcB75D89a292363994062Dc246d0029dDEd11bA54","65.0065","0.00212115","2023-06-03T13:28:34.611Z","c61ac06e-30b8-45d4-a662-73abf133fc64","pending"
827,"0xcB75D89a292363994062Dc246d0029dDEd11bA54","50.005225","0.0021757","2023-06-03T13:28:51.310Z","32a38b01-1504-40b0-a262-59bad9793a91","pending"
828,"0x7bFC21ad9155bcC661cBd5EBb57539c7B92620d6","20.002","0.0014912","2023-06-03T13:33:21.412Z","617600db-b897-4759-a228-57ef24a1e1b8","pending"
829,"0x5D191567bA65C2e9F0669Ee670a57bf803994f55","60.006","0.0044736","2023-06-03T13:47:12.354Z","970ec239-fb2b-414c-9f89-d35a85766de8","pending"
830,"0xCF7daE8D3E879Df47Cd18AeaD9eE052295489aD7","15.0015","0.0011184","2023-06-03T14:17:40.736Z","e90c686e-3c69-49c6-bc73-4c334803d818","pending"
831,"0x46DfcBE48c457bfdb518344361E29e95888142De","40.004","0.0029824","2023-06-03T14:18:49.597Z","4224528b-55e6-4caa-be22-4bd390539747","pending"
832,"0x71Bc25D05f23Ffc58518B9509d1111F3849e9371","30.003","0.0022368","2023-06-03T14:24:23.918Z","eecc90fb-dc12-4257-8280-ec4326dc813b","pending"
833,"0x71Bc25D05f23Ffc58518B9509d1111F3849e9371","65.0065","0.00212115","2023-06-03T14:28:01.218Z","97c17e5f-9e4c-4bc4-afd9-cbb0324b1ec7","pending"
834,"0x9880DB2C2c7ec3E87f1B660b79c95D80893442FD","25.0025","0.001864","2023-06-03T14:43:21.250Z","8f760557-4da9-4637-bdf9-e436c60abd82","pending"
835,"0x15EAb117CAD08D26EaEdBb76F9c6AA337321CbC2","35.0035","0.0026096","2023-06-03T14:44:55.826Z","7d85fe0a-bdf7-4e7a-8210-b1d8aa5d64ee","pending"
836,"0x6287087597EF82c19d0362238628170dBDa72259","5.0005","0.0003728","2023-06-03T14:45:58.709Z","3bf9b311-95e4-4a73-8f26-91d0dbdbd9d9","pending"
837,"0x8e2dCcab3C2C6964873Ce2dE032Cf19f861b38d7","5.0005","0.0003728","2023-06-03T14:49:25.829Z","8baef9df-6c06-48aa-8d2a-8965840ee842","pending"
838,"0x72689911A038941693C5ae52BA2Cb76244d0e40b","10.001","0.0007456","2023-06-03T15:03:02.408Z","f935425e-dc45-439e-9050-2d0563a7b768","pending"
839,"0xbbfa0a6db68bC4Dd4D443f1E161702D747923E22","10.001","0.0007456","2023-06-03T15:08:11.018Z","f77cff9d-930f-4cae-8acc-a9bc0829489c","pending"
840,"0x7C40Fef7f3146B04650044fC7638825deBe6a2E8","50.005","0.001794","2023-06-03T15:11:15.009Z","86883bbc-330e-4833-994b-56cc5531b7af","pending"
841,"0x7C40Fef7f3146B04650044fC7638825deBe6a2E8","50.005","0.003728","2023-06-03T15:11:44.198Z","5d18ae51-da24-4127-8840-1971c8263db4","pending"
842,"0x7C40Fef7f3146B04650044fC7638825deBe6a2E8","0.10001","0.0034568","2023-06-03T15:12:07.786Z","628bb76e-b197-423a-93fe-b6ac7276792e","pending"
843,"0x7C40Fef7f3146B04650044fC7638825deBe6a2E8","130.013","0.0042423","2023-06-03T15:12:40.168Z","345fa893-d2d5-4810-99bb-4bdcafb35893","pending"
844,"0x7C40Fef7f3146B04650044fC7638825deBe6a2E8","100.01045","0.0043514","2023-06-03T15:13:05.606Z","900d736b-9162-474d-a014-ec0f2629ec35","pending"
845,"0x2a913ff86c246Ac9376d8bDb5dBB6C8D993BBC09","5.0005","0.0003728","2023-06-03T15:26:44.650Z","ca3a946c-596c-4528-b8f4-3187522a9d8b","pending"
846,"0x5aA9C8c0D242B33A47A6F4F133B2afEB5f575841","10.001","0.0007456","2023-06-03T16:21:32.415Z","0a6022f3-5a06-4b62-9d27-35f3984eddeb","pending"
847,"0xe3F71265920f8824EDc9b89e3cd934E5bdbE86DC","25.0025","0.001864","2023-06-03T16:23:04.703Z","c88f5408-a65f-4350-9fc9-15db9b121bf2","pending"
848,"0x3f9a474C277507130a592d3d95B3eB446078Ac3a","20.00209","0.00087028","2023-06-03T16:23:10.436Z","1cfab1fb-c4ab-4b24-b012-1b90bee81b12","pending"
849,"0x3f9a474C277507130a592d3d95B3eB446078Ac3a","26.0026","0.00084846","2023-06-03T16:23:45.119Z","c69cb3c5-8d7f-424d-bff5-4224f511b01e","pending"
850,"0x3f9a474C277507130a592d3d95B3eB446078Ac3a","0.020002","0.00069136","2023-06-03T16:24:01.732Z","c5814dbc-1b5d-4749-afe5-d7ad55d1d49c","pending"
851,"0x3f9a474C277507130a592d3d95B3eB446078Ac3a","10.001","0.0003588","2023-06-03T16:24:12.482Z","9ab264b1-30cc-4a7b-9403-159f39363ffe","pending"
852,"0x3f9a474C277507130a592d3d95B3eB446078Ac3a","10.001","0.0007456","2023-06-03T16:24:21.599Z","d2381dbe-e2aa-41d8-8b84-b785e18dd596","pending"
853,"0xBf8a62C458173A09B0fFC7DF6E17A1AaB75E0e82","55.0055","0.0041008","2023-06-03T16:24:21.996Z","ec557aa7-1add-47d5-a5a8-c34c0bd0b18b","pending"
854,"0x2F07789C981f211E3457698c0150aEd6df4627Be","60.006","0.0044736","2023-06-03T16:29:00.982Z","1fa7d98a-d2fb-4742-ae41-930a79187bc3","pending"
855,"0xB7c25AC9c3D515ee34Bb9981bdE6114A140695AD","15.0015","0.0011184","2023-06-03T17:33:15.402Z","354d2fe5-41db-4a51-965a-65fe250cb8d1","pending"
856,"0x7fddc717FFF42DA18099A9e55b10c070D0a23A9f","25.0025","0.001864","2023-06-03T17:40:48.520Z","229ccf50-f095-4a91-8b28-8cd2e53c95d4","pending"
857,"0x47C675d3852d67C03688C9d6a15f214A03b35d8C","50.005","0.001794","2023-06-03T18:05:54.019Z","bbf5efc1-b29b-4d13-aad4-d0c7d8311e95","pending"
858,"0x47C675d3852d67C03688C9d6a15f214A03b35d8C","50.005","0.003728","2023-06-03T18:08:51.435Z","d68b8e37-b9b8-48ba-afb7-e3180dc245cd","pending"
859,"0x70C7298D484CCDcAc000C94b9645Baad2Db53191","30.003","0.0022368","2023-06-03T18:38:27.359Z","392a2b99-9815-4723-ace7-dcaa721bd98b","pending"
860,"0x26C427bD9D017ADf5c940C10C37C8d008b69E0cd","0.010001","0.00034568","2023-06-03T18:46:02.584Z","72bda9c5-4505-4c4f-9975-8913d53e157b","pending"
861,"0x26C427bD9D017ADf5c940C10C37C8d008b69E0cd","0.010001","0.00034568","2023-06-03T18:46:13.138Z","9cb6ef06-8686-4d85-87de-44a12f4ae48e","pending"
862,"0x26C427bD9D017ADf5c940C10C37C8d008b69E0cd","5.0005","0.0001794","2023-06-03T18:46:29.180Z","6ea70836-18cc-4a9b-a40d-eb5b3ea29860","pending"
863,"0x26C427bD9D017ADf5c940C10C37C8d008b69E0cd","5.0005","0.0003728","2023-06-03T18:46:49.448Z","fa136556-d67f-43c5-a0ef-7895987327ee","pending"
864,"0x7a854c18B99a5612b1A397AE039A4b1E4660813b","170.017765","0.007397379999999999","2023-06-03T18:52:42.889Z","5428428f-77dd-4ae0-a858-3f2d06e18bb4","pending"
865,"0x7a854c18B99a5612b1A397AE039A4b1E4660813b","221.0221","0.00721191","2023-06-03T18:53:12.280Z","03820ee8-b6d9-4b38-9c85-dde59f971fb2","pending"
866,"0x7a854c18B99a5612b1A397AE039A4b1E4660813b","0.160016","0.00553088","2023-06-03T18:54:23.188Z","efdbd152-40c7-4481-9b25-49b30baa2aaf","pending"
867,"0x7a854c18B99a5612b1A397AE039A4b1E4660813b","85.0085","0.0030498","2023-06-03T18:54:52.091Z","2d057925-55df-4ab6-b330-595f1caf4c92","pending"
868,"0x7a854c18B99a5612b1A397AE039A4b1E4660813b","85.0085","0.006337600000000001","2023-06-03T18:55:11.260Z","72e1d966-43c6-415d-9328-ce58ec69b768","pending"
869,"0xB71f5528Aa87ac8571ECC7472C098E76a97A078f","20.00209","0.00087028","2023-06-03T19:10:33.084Z","49c17bf1-0eb7-4ba5-bbe7-bd2e0becbd9d","pending"
870,"0xB71f5528Aa87ac8571ECC7472C098E76a97A078f","26.0026","0.00084846","2023-06-03T19:11:37.974Z","5c1f8b6f-fe05-419f-80eb-18b7230f9c75","pending"
871,"0xB71f5528Aa87ac8571ECC7472C098E76a97A078f","0.020002","0.00069136","2023-06-03T19:11:58.504Z","fe220df7-0ce4-4e88-baeb-b91ca928df22","pending"
872,"0xB71f5528Aa87ac8571ECC7472C098E76a97A078f","10.001","0.0003588","2023-06-03T19:12:15.790Z","a8f05f6a-45a9-4fac-b1e9-3dc59bd5fc67","pending"
873,"0xB71f5528Aa87ac8571ECC7472C098E76a97A078f","10.001","0.0007456","2023-06-03T19:12:40.122Z","285fa6e8-6363-4191-be5f-bc318c434e84","pending"
874,"0xFFCFed54f9E4C89189E95d4686DBfA29Bd7D5E4b","5.0005","0.0003728","2023-06-03T19:21:44.273Z","5f68346b-7c5f-4a91-8227-0108049308cc","pending"
875,"0x67610D670a26E8228EdfEbE41E673fbE95106955","10.001","0.0007456","2023-06-03T19:38:07.248Z","836d052a-f4e5-4e93-9f08-6e93e5c6812a","pending"
876,"0x25A53799c7deA5C6bb0ebb4816711163C5268017","15.0015","0.0011184","2023-06-03T20:22:52.670Z","f7f73e26-1fd7-4e36-9ff5-158e5d4e3617","pending"
877,"0x5C6e737b4b7CA974E86832D34Ea30e240A0715cF","100.01","0.007456","2023-06-03T20:38:59.013Z","adf9986a-285e-4027-b969-0afd5787887a","pending"
878,"0x5C6e737b4b7CA974E86832D34Ea30e240A0715cF","100.01","0.003588","2023-06-03T20:40:22.368Z","6261eda8-f88f-4d3f-91a4-b5ee5abf808c","pending"
879,"0x3cdF67F76eA355aB988eE28Cb740717B716aC23E","30.003135","0.00130542","2023-06-03T20:48:49.584Z","c0ed5246-1e6a-4dc2-94e2-d444ca6cd518","pending"
880,"0x3cdF67F76eA355aB988eE28Cb740717B716aC23E","39.0039","0.00127269","2023-06-03T20:49:19.963Z","2ee1d080-ec16-42b8-a4b8-de6c41c01861","pending"
881,"0x3cdF67F76eA355aB988eE28Cb740717B716aC23E","0.030003","0.00103704","2023-06-03T20:49:41.752Z","5da580ac-0260-49a4-9796-8f91a2a947f9","pending"
882,"0x2BE02Fc76c4e924F5a4b5931B8186C8967c405B3","5.0005","0.0001794","2023-06-03T20:49:51.750Z","9212df38-a5d7-41b0-97d3-2f42d2395b1b","pending"
883,"0xf03f171c3f17B6cA9C914D8E47b949056F33872d","55.0055","0.0041008","2023-06-03T20:50:00.369Z","552c399c-d339-4b2f-a0b2-2ca8e25016d9","pending"
884,"0x3cdF67F76eA355aB988eE28Cb740717B716aC23E","15.0015","0.0005382","2023-06-03T20:50:02.065Z","3c451874-ab86-451a-899d-64610a8509d2","pending"
885,"0x3cdF67F76eA355aB988eE28Cb740717B716aC23E","15.0015","0.0011184","2023-06-03T20:50:23.709Z","22d3566d-78f6-4199-93df-77c7e9632a6a","pending"
886,"0x2BE02Fc76c4e924F5a4b5931B8186C8967c405B3","5.0005","0.0003728","2023-06-03T20:50:44.876Z","bfce68a9-39f0-4781-8392-0c600791aba9","pending"
887,"0x2bba85A7Dc2D31B5e8A3DA667AEdBa9a387157FA","5.0005","0.0003728","2023-06-03T20:53:36.192Z","131b4161-e9d3-4186-8128-710e4047da1a","pending"
888,"0xEB5fDe0c0aDbFF60F8BD931D94663891a7067048","5.0005","0.0003728","2023-06-03T20:59:15.296Z","5830eae5-2ac7-4503-81c4-6ee6917220c0","pending"
889,"0x02913A5Bd98fceB2c225Bf44d4b5Ab6bb939afC1","5.0005","0.0003728","2023-06-03T21:02:59.485Z","7229c1ff-5904-4c60-8075-c3f5d0a3efa0","pending"
890,"0x9668dE9dD31EF754CDf37811EA891C4c97440FcD","15.0015","0.0011184","2023-06-03T21:10:57.100Z","2e7013eb-29e0-4230-a0f4-1712d44df684","pending"
891,"0x9668dE9dD31EF754CDf37811EA891C4c97440FcD","15.0015","0.0005382","2023-06-03T21:11:28.251Z","16f90d59-78b9-4ac2-a5cf-81a3034103b3","pending"
892,"0xEcfBf0dA97aEf728da23095A6c5BBAA5A6B9eC56","15.0015","0.0011184","2023-06-03T21:11:43.782Z","e033169c-2de5-441e-a6c8-e986fd84823c","pending"
893,"0x4bD28Dad6ba4908241A056aB42e28948b25d78a5","30.003","0.0022368","2023-06-03T21:15:19.856Z","32a58b3e-5bac-42eb-b8e5-243a495ec473","pending"
894,"0xae9B34C0e9AD13447839514691e9A91f93bC91b7","5.0005","0.0001794","2023-06-03T21:24:06.004Z","4a8d1523-3d99-43a1-a212-2e74293762c2","pending"
895,"0xae9B34C0e9AD13447839514691e9A91f93bC91b7","5.0005","0.0003728","2023-06-03T21:24:44.860Z","6895fdf0-cf47-4d37-94e0-2fe6cd79a461","pending"
896,"0x0E9601A8f84a207A3A6574AF02dEF91a116Ff08b","65.0065","0.0048464","2023-06-03T21:27:07.386Z","f8f159f1-19cc-4845-8dc7-69e5f61cdccc","pending"
897,"0x7bb2C71DB0dFbDB63Dd70EA6DCBa442bE7AA3c87","20.002","0.0014912","2023-06-03T22:20:04.043Z","19f00662-a2b5-4a9c-9e96-8c2181d12769","pending"
898,"0x7bb2C71DB0dFbDB63Dd70EA6DCBa442bE7AA3c87","20.002","0.0007176","2023-06-03T22:23:25.563Z","a6ac9a88-841f-4b14-b489-2b885332b26e","pending"
899,"0xa2555b4AFF00b915265B965704819D0CA661fB0b","15.0015","0.0011184","2023-06-03T22:37:19.699Z","186b928b-b9f5-43e6-a63f-230ab63be884","pending"
900,"0x29a2fAB573C1f48d5f9cBfDb58cBDAc82f196dBC","5.0005","0.0003728","2023-06-03T23:01:58.040Z","f49e03c7-df4a-4e0b-a92c-9a1a9e4f9095","pending"
901,"0x19BF165660e7f354F2702700d5F92972ABAb519c","15.0015","0.0011184","2023-06-03T23:48:56.370Z","263acc64-22dd-4c57-933e-ceedc3aa9ff8","pending"
902,"0xbcc0b3A4591152a9E075f373A1058F932da2CEBF","39.0039","0.00127269","2023-06-04T00:01:09.904Z","58877869-1e78-42dd-84cc-55e554794f4a","pending"
903,"0xbcc0b3A4591152a9E075f373A1058F932da2CEBF","0.030003","0.00103704","2023-06-04T00:01:46.880Z","14519ae8-e1eb-4aea-b1fe-80d33ca22f59","pending"
904,"0xbcc0b3A4591152a9E075f373A1058F932da2CEBF","15.0015","0.0005382","2023-06-04T00:02:14.787Z","f638ab67-33f4-4b2e-9dd8-8ae33e572e48","pending"
905,"0xbcc0b3A4591152a9E075f373A1058F932da2CEBF","15.0015","0.0011184","2023-06-04T00:02:32.216Z","5e1c1807-4604-4168-aee6-4c7674a99acf","pending"
906,"0x77b8fE9fF45c7e43fedcB7cB499203100183f162","10.001","0.0007456","2023-06-04T00:10:11.089Z","4045f6f5-3023-4961-8405-4cc2e49e3bb1","pending"
907,"0x4Ef4a60799E6f48Be81e2044494cA394BD27Ff67","5.0005","0.0003728","2023-06-04T00:20:35.249Z","35403a3d-9a45-4c67-a68f-a5deb21e091d","pending"
908,"0xD7Fc5cdF1683448a9e5242A8E4a16ec02f6ABb91","5.0005","0.0003728","2023-06-04T00:24:13.609Z","b7375187-33a6-4f12-b60f-b4ca75e5348c","pending"
909,"0x6EF2A678dC041BF5CC5206f59050FcFD7c28625a","145.0145","0.0108112","2023-06-04T01:10:56.122Z","3ab740c5-3532-4657-a54d-9ad39bab2bc2","pending"
910,"0x0A591c55351AE0b214F80131266309270634dE88","125.0125","0.00932","2023-06-04T01:24:54.785Z","a45b41ba-cbf5-4ab1-97fc-dc3734420219","pending"
911,"0x78e78A1b7E3b69731123046bF521F65A080ABA92","20.002","0.0014912","2023-06-04T01:53:13.133Z","a319b8c0-31c4-438e-a134-c10f142936a0","pending"
912,"0x1023D6ca1814769DFe3CDb4751C5092462f555dC","30.003","0.0022368","2023-06-04T01:54:57.852Z","93a289f2-99e8-4724-8acd-30a80993fd19","pending"
913,"0x093f7dF417974Fdf1a7a29Fe4DAbf3132aA5Fb5b","10.001","0.0007456","2023-06-04T02:01:23.094Z","16e779db-f5db-483c-8878-0e055341aa82","pending"
914,"0x5484d46e8648F2f559F9f27C2EcD40e099843A6c","10.001","0.0007456","2023-06-04T03:21:03.746Z","390c81ee-d14e-45af-8844-0cda464744c1","pending"
915,"0x00b7Bd1Bb98988B8EC75971b3d260a5d6484c5d9","30.003","0.0022368","2023-06-04T03:53:37.022Z","1d495680-be68-459d-a059-8f10e3a98df3","pending"
916,"0xB2069a7e3423dD7356BB771aCBc0D09797ef7f5B","15.0015","0.0011184","2023-06-04T04:01:08.778Z","8ac08b69-763e-4b00-98ba-9d2ec6d45ef1","pending"
917,"0xa4a63Fdcb0D146490210eE8cFd5b6a59cA044CcD","5.0005","0.0003728","2023-06-04T05:40:21.476Z","f5d0a51f-0813-4eba-a19b-e79aff3b4dfc","pending"
918,"0x40fa0C1E83f2055a2A4F0e6e7A489F4b9C1202a9","5.0005","0.0003728","2023-06-04T05:43:58.511Z","bb471e2e-161d-4587-a15b-6073471fed7a","pending"
919,"0xC941E5d6EB1704214B29927aC43A61cD403FbC82","10.001","0.0007456","2023-06-04T05:54:50.238Z","757e4145-a63e-496b-b101-b536e17c3e5a","pending"
920,"0x852B128db9caD831D9Ab281136211DB3A9Ce607A","15.0015","0.0011184","2023-06-04T05:59:38.068Z","ab028331-78f7-4bd8-ae7c-448bbef581ef","pending"
921,"0xC38Adc35172c1e8195973482151B9Eb703C9D924","15.0015","0.0005382","2023-06-04T06:08:33.013Z","99810e59-af71-4566-8fbc-db16ff359cdf","pending"
922,"0xC38Adc35172c1e8195973482151B9Eb703C9D924","15.0015","0.0011184","2023-06-04T06:11:37.395Z","c8b11bee-9fa6-41bd-b8a6-9525ee2a20b5","pending"
923,"0x540F4cd1d7aFdf9873d8f5aE7731CDFa4B48d104","5.0005","0.0003728","2023-06-04T07:07:34.766Z","a134e12b-f550-42bd-b67f-94508d518268","pending"
924,"0x4c90e8efEf279a59C380b811003Bb6CcE96453e7","5.0005","0.0003728","2023-06-04T07:16:54.796Z","ebaac788-83ec-4e0e-aac1-42b32c3890a6","pending"
925,"0x4c90e8efEf279a59C380b811003Bb6CcE96453e7","5.0005","0.0001794","2023-06-04T07:18:01.399Z","b8d44bdb-e938-4b3f-912e-aa1db4567518","pending"
926,"0x4c90e8efEf279a59C380b811003Bb6CcE96453e7","0.010001","0.00034568","2023-06-04T07:18:26.768Z","ba60c77f-e568-48e9-a278-3e6f9cb69072","pending"
927,"0x098Ce3F306E6a361Ea33EDBD5d20bBF1c62CCE62","5.0005","0.0003728","2023-06-04T07:52:28.855Z","40918528-a939-4457-b101-d69250bbe268","pending"
928,"0xB97EaD800c08887a393518f090aaf885f456081e","5.0005","0.0003728","2023-06-04T07:54:39.724Z","9c9083e5-6cf5-4b6a-9d13-8e1e3e94bdc1","pending"
929,"0xeC7E6ca7c3bdb1CfD776F8E0529846f6bF25D647","10.001045","0.00043514","2023-06-04T08:46:33.626Z","6ccd48f0-c282-477d-a208-1763c8a361ca","pending"
930,"0xaBBA8c10dD2229E7224576a6D56cf5D9b05E98A6","5.0005","0.0003728","2023-06-04T09:13:05.568Z","dd6d0d2e-b2e1-406a-83d3-8748aebd4ad3","pending"
931,"0x2D557AC0899038fB34108e9f1E87D35508833E33","5.0005","0.0003728","2023-06-04T09:36:59.486Z","61d7134c-9edb-4703-884d-66a089fd3a06","pending"
932,"0xe9A482e1206B911De4c8C012f017153fE940F217","55.0055","0.0019734","2023-06-04T13:27:47.344Z","5322704d-674f-4fe8-b4fa-864071d406fa","pending"
933,"0xe9A482e1206B911De4c8C012f017153fE940F217","55.0055","0.0041008","2023-06-04T13:28:54.164Z","68c64059-a00e-446d-8f0e-00d8d8cbfb12","pending"
934,"0x23d33F56eDd0d6772dd0Eb056c0e25e09A8657B3","10.001","0.0007456","2023-06-04T14:03:38.743Z","e5851664-5c7d-4a44-8200-f6e7f9a65b2f","pending"
935,"0x23d33F56eDd0d6772dd0Eb056c0e25e09A8657B3","10.001","0.0003588","2023-06-04T14:09:15.480Z","62c4ee37-7269-4b73-bb57-55a38fda3afc","pending"
936,"0x742f98e20c2C23680443f1928F629C9D6Dca5666","25.0025","0.001864","2023-06-04T14:38:20.617Z","041a0268-b3ec-4900-beb0-21184a7e0227","pending"
937,"0x8e3CC16D67a8222186016201842D40eafc6Ba031","5.0005","0.0003728","2023-06-04T14:46:23.979Z","80c80201-2939-43f6-bd1a-005fc8871329","pending"
938,"0x8e3CC16D67a8222186016201842D40eafc6Ba031","5.0005","0.0001794","2023-06-04T14:46:41.079Z","15990c51-92dd-4426-b3a7-1f3c8db16a3d","pending"
939,"0x8e3CC16D67a8222186016201842D40eafc6Ba031","0.010001","0.00034568","2023-06-04T14:46:56.113Z","6abca9af-9c45-484a-be04-f3da20d08a38","pending"
940,"0x8e3CC16D67a8222186016201842D40eafc6Ba031","13.0013","0.00042423","2023-06-04T14:47:08.770Z","2f3ef2fd-5357-4a65-9766-6bee486a7f29","pending"
941,"0x5A69c452F61C0D47Ae077377D9302a1d9f88aF1D","15.0015","0.0011184","2023-06-04T15:14:37.693Z","f66ec8f8-09ac-40fa-b439-1e769473a3ab","pending"
942,"0xE747fB37D57a688657262ced16071842f113Da12","15.0015","0.0005382","2023-06-04T15:31:42.800Z","6afe43c7-98d2-44b0-9fc3-620965151d9e","pending"
943,"0xE747fB37D57a688657262ced16071842f113Da12","15.0015","0.0011184","2023-06-04T15:32:15.525Z","0f3f4619-48f7-4a7b-9b56-221f78ee0b78","pending"
944,"0x109F9eF72d6e414671982043C90fdce0F3617a82","35.0035","0.0026096","2023-06-04T15:37:34.976Z","48c6c68e-7c09-49f7-bbad-bc9bba9ae93d","pending"
945,"0x3B32C1190A5BCa5F68Ee732B2f10C967060971b9","35.0035","0.0026096","2023-06-04T15:40:04.633Z","99411a5b-6074-423a-9b5c-77b1479130b9","pending"
946,"0x9A5373a90d51f5B9DdD627212f782d2D154aaD30","115.0115","0.0041262","2023-06-04T15:47:46.123Z","a3c60966-29e4-4537-b41f-eed6ad281e04","pending"
947,"0x9A5373a90d51f5B9DdD627212f782d2D154aaD30","115.0115","0.008574399999999999","2023-06-04T15:48:30.460Z","22f85962-c084-4ff3-866e-b23348c5a17d","pending"
948,"0x178cb7c511B557e413f03e9A8A6fA7243d96c436","5.0005","0.0003728","2023-06-04T15:53:44.505Z","a85dc0e4-7444-451c-bc5b-4ecff10b04a9","pending"
949,"0x178cb7c511B557e413f03e9A8A6fA7243d96c436","5.0005","0.0001794","2023-06-04T15:54:09.032Z","3d9ec76d-1597-4a9d-9be8-ff7bd3a08ae7","pending"
950,"0x178cb7c511B557e413f03e9A8A6fA7243d96c436","0.010001","0.00034568","2023-06-04T15:54:32.447Z","2713f59c-8c3e-4a0a-bea9-6d61a7d90268","pending"
951,"0x178cb7c511B557e413f03e9A8A6fA7243d96c436","13.0013","0.00042423","2023-06-04T15:54:53.225Z","d12e79a6-3b93-43f4-9ec5-852c4f8e24f0","pending"
952,"0xD580BE58aDd93FEeCa7d3CCF09043b76db51D706","5.0005","0.0003728","2023-06-04T15:54:53.816Z","1fd46d8a-6e83-4619-be59-ca7dc982128b","pending"
953,"0x178cb7c511B557e413f03e9A8A6fA7243d96c436","13.0013","0.00042423","2023-06-04T15:54:59.969Z","711fcf85-f82f-4fa0-b242-5520919fc816","pending"
954,"0x178cb7c511B557e413f03e9A8A6fA7243d96c436","10.001045","0.00043514","2023-06-04T15:55:27.720Z","1d2ce5cb-3fbe-42c1-b732-0af857c3c5ea","pending"
955,"0xF6907597bdeE600422f04f02eB2F63631d014E3E","20.002","0.0014912","2023-06-04T16:03:52.410Z","d6c131b8-ebb0-445f-9720-7e7eea64a47c","pending"
956,"0x6C5e3ECD4140bE7999163C8c61331220dc48c8E8","10.001045","0.00043514","2023-06-04T16:04:29.928Z","25d8ab8e-d2c5-46c8-b1cf-542d950a9dac","pending"
957,"0xAf01Ce00E5343e447B5202576984638e4071D22C","5.0005","0.0003728","2023-06-04T16:09:02.799Z","3bc4d7b2-9172-49f8-9ab8-91b045ed7501","pending"
958,"0x6C5e3ECD4140bE7999163C8c61331220dc48c8E8","13.0013","0.00042423","2023-06-04T16:10:20.320Z","18b61c76-8fb6-4f6e-8d67-244cf2d935cb","pending"
959,"0x6C5e3ECD4140bE7999163C8c61331220dc48c8E8","0.010001","0.00034568","2023-06-04T16:10:44.498Z","dc279eba-934d-4b26-9c2f-b79bf3d527b0","pending"
960,"0x6C5e3ECD4140bE7999163C8c61331220dc48c8E8","5.0005","0.0001794","2023-06-04T16:11:10.117Z","4f6957e7-4045-44c0-9ef8-7d59ebc2a032","pending"
961,"0x6C5e3ECD4140bE7999163C8c61331220dc48c8E8","5.0005","0.0003728","2023-06-04T16:11:31.824Z","c0c39083-034a-448e-a21f-e90e1c4e61b3","pending"
962,"0x6565a2488afB3fAddD5c0FE0c5826D5A2432eDD1","295.0295","0.0219952","2023-06-04T17:07:59.668Z","9620f814-4c1d-4ff2-bc00-22781b1cf6c8","pending"
963,"0x9796c1d729A454315CFC89642E44a0E5c2A76C20","185.0185","0.0137936","2023-06-04T17:23:13.303Z","4bfd1d54-1c4d-4798-8f09-544b1d469594","pending"
964,"0xC31cA0dFc4537d4c214c3aE94a14442D50729401","5.0005","0.0003728","2023-06-04T17:30:02.560Z","ebdfde39-b5fc-4561-ba19-492ffcc35472","pending"
965,"0x9796c1d729A454315CFC89642E44a0E5c2A76C20","185.0185","0.0066378","2023-06-04T17:36:59.470Z","e865706b-a011-4f02-96f0-80d5507d6816","pending"
966,"0xC31cA0dFc4537d4c214c3aE94a14442D50729401","5.0005","0.0003728","2023-06-04T17:37:06.504Z","ed4a145e-7e61-4e3e-b09b-96bc517f10f0","pending"
967,"0xC31cA0dFc4537d4c214c3aE94a14442D50729401","5.0005","0.0003728","2023-06-04T17:37:20.358Z","36267dfa-0ef2-4d5e-aea3-92eaaf1cce5b","pending"
968,"0x5Df326b21A857c50C64da34ac2827Dd9C4646449","5.0005","0.0003728","2023-06-04T17:38:59.335Z","7cd9f4b9-fb33-43fd-b6d5-a49b1a3e2e2d","pending"
969,"0x6C0b62d7Ef3c142C1D4F775e4ad6e2582FA21201","5.0005","0.0003728","2023-06-04T18:01:03.199Z","911ca080-85c1-49c4-b346-fae33e334bd2","pending"
970,"0x2c41aea82eBb144727B22E573A03dadA548087b8","10.001","0.0007456","2023-06-04T18:01:21.000Z","e7f4d31f-856a-47f2-a8c9-4e7617dbb5cc","pending"
971,"0x6C0b62d7Ef3c142C1D4F775e4ad6e2582FA21201","5.0005","0.0003728","2023-06-04T18:01:43.560Z","21c04ec5-878f-4279-a609-669aa7a993b4","pending"
972,"0x737DCe458eFC5ae64C9f793e00824DE1E5F9c38c","5.0005","0.0001794","2023-06-04T18:07:22.092Z","2165f7f0-a81b-43fe-9e33-5466f8d38230","pending"
973,"0x05404b6F8990a4108150366ADb572A870B137Edc","20.002","0.0014912","2023-06-04T19:26:56.358Z","b31e968b-4c21-4f6c-b5bc-ce4083c91a21","pending"
974,"0x80A0FD589758053dF66E43Cfeb8b912C3389badd","20.002","0.0007176","2023-06-04T19:30:06.278Z","9cdd3eb7-c115-4802-9c6f-c8ae10a8aa1b","pending"
975,"0x80A0FD589758053dF66E43Cfeb8b912C3389badd","20.002","0.0014912","2023-06-04T19:31:10.811Z","4181bad9-1547-4ff7-9d14-09c4760c6e5f","pending"
976,"0xf02ff23E6ef1606db3B33832e05e0E798a41b829","20.002","0.0014912","2023-06-04T19:39:35.664Z","46cb3261-eb37-408b-ba1b-554053ddfddf","pending"
977,"0x3560744745818fc4A352aa6118bF2408C0999306","50.005","0.001794","2023-06-04T19:41:29.395Z","b9cbdc20-7889-489c-ac88-386efd5c6468","pending"
978,"0x3560744745818fc4A352aa6118bF2408C0999306","50.005","0.003728","2023-06-04T19:42:06.411Z","f392ea3c-2c5b-4e17-a664-75ccbdafbd06","pending"
979,"0x3aBAA35c7501C76F99D4FB8F6A6401f1343d6A5b","10.001","0.0003588","2023-06-04T21:11:48.627Z","39162b32-366f-456c-b017-66ac741f2311","pending"
980,"0x3aBAA35c7501C76F99D4FB8F6A6401f1343d6A5b","10.001","0.0007456","2023-06-04T21:13:56.331Z","d03063b2-a68c-4486-bf08-3aa7a97028c3","pending"
981,"0x19ED66449A71b2Cd4B448d61cba208324058cE2E","20.002","0.0014912","2023-06-04T21:23:05.617Z","09fcff23-53d1-497e-aa55-1565ddd9c12c","pending"
982,"0x9427E3394ee752E661C5e4517327FcFb6562B111","10.001","0.0007456","2023-06-04T21:37:55.029Z","c587a4cf-7236-483f-89d1-80dae2a22f35","pending"
983,"0x5aD39003Ea55Da6f80A1f275E8a9992fbcA91FBb","125.0125","0.00932","2023-06-04T21:42:06.805Z","b970a720-528d-48af-a26d-bc310c2adcff","pending"
984,"0x4fc81d680A904280De4F94acf10eC6690501ddD4","5.0005","0.0003728","2023-06-04T21:50:11.657Z","bc6c2875-513e-4a84-be53-6f1e18ebc576","pending"
985,"0x4fc81d680A904280De4F94acf10eC6690501ddD4","5.0005","0.0001794","2023-06-04T21:50:26.840Z","3a1cc89b-1f0a-470d-bb0f-83758995a420","pending"
986,"0x24FC410cEddD134D7800bd1b8F022A300e4218C5","20.002","0.0014912","2023-06-04T21:52:17.051Z","4e81e577-5e24-49aa-8567-778ee508e0cc","pending"
987,"0xD33eb1A8D8b2d3b3F562Ff1fb765870D00c41087","5.0005","0.0001794","2023-06-04T21:56:09.380Z","b13df17f-a9b3-47a1-927c-68fb501829cb","pending"
988,"0xD33eb1A8D8b2d3b3F562Ff1fb765870D00c41087","5.0005","0.0003728","2023-06-04T21:56:36.626Z","77dd5f99-7c83-4ba4-aa62-ab1955b50a92","pending"
989,"0x25024b68F7940527268A6b14F08BB662Fc94b5cf","70.00699999999999","0.0052192","2023-06-04T22:04:28.451Z","d77e47bc-0209-4bd3-ad5e-a1a75937f2ec","pending"
990,"0xacB9E304553967C8A1f132124Dc3Ec6300012Fc4","25.0025","0.001864","2023-06-04T22:09:04.859Z","5a775fc2-55a5-47e3-98b0-1ab4851a039a","pending"
991,"0xacB9E304553967C8A1f132124Dc3Ec6300012Fc4","5.0005","0.0001794","2023-06-04T22:09:20.263Z","2630d02e-ee7b-423b-8208-727e8bc14797","pending"
992,"0x063E7409a82014c289Ec0b5385A579ce5576424d","5.0005","0.0003728","2023-06-04T22:27:39.859Z","343dc991-351f-491a-ab85-44d11bd9e3ba","pending"
993,"0x4fc81d680A904280De4F94acf10eC6690501ddD4","0.010001","0.00034568","2023-06-04T22:29:40.588Z","7d994881-b8e6-4ab4-88d0-30657d83ab6a","pending"
994,"0x4fc81d680A904280De4F94acf10eC6690501ddD4","13.0013","0.00042423","2023-06-04T22:29:58.629Z","43902562-2367-4781-97f4-f8c3ca538882","pending"
995,"0x6F02eaa11AB221eA7040169Dd4cb8e72B020a088","5.0005","0.0001794","2023-06-04T22:30:10.741Z","0755906e-d9fa-4cc6-8bd7-3d153c37c236","pending"
996,"0x4fc81d680A904280De4F94acf10eC6690501ddD4","10.001045","0.00043514","2023-06-04T22:30:11.483Z","63554399-31d6-4dac-926c-ce0b4c90f4a9","pending"
997,"0x6F02eaa11AB221eA7040169Dd4cb8e72B020a088","5.0005","0.0003728","2023-06-04T22:31:14.511Z","ebaca467-386a-495b-acc2-97be0274ef3d","pending"
998,"0xB8026503748024AE5dE2Da44EB35D916d6b488B7","10.001","0.0007456","2023-06-04T23:14:33.128Z","934f48ca-4061-4f84-8422-21c8c33e7db4","pending"
999,"0x33181De4E7dFC4e92f56b9BE087313E440F9E3Af","5.0005","0.0001794","2023-06-04T23:47:47.721Z","14c3cb70-f7e2-4aba-8ca9-8de18ab3a360","pending"
1000,"0x33181De4E7dFC4e92f56b9BE087313E440F9E3Af","5.0005","0.0003728","2023-06-04T23:48:49.465Z","f4d13159-cfa2-42c3-ba03-c7b1f4b44551","pending"
1001,"0xCdFdCcc0748B4165BBDC4777C2E625F9Dccf5eA2","25.0025","0.001864","2023-06-05T00:08:03.805Z","0ab538ba-d93d-4f13-ad7e-979699347055","pending"
1002,"0xCdFdCcc0748B4165BBDC4777C2E625F9Dccf5eA2","25.0025","0.000897","2023-06-05T00:11:39.151Z","8339ecd2-676f-4f93-8d1b-3d36530cf8e3","pending"
1003,"0x113552De1996d5B9aD44E48514075f9506D0E518","5.0005","0.0003728","2023-06-05T00:35:19.898Z","d84eb149-ae2b-4ff1-905a-b0594330d8c8","pending"
1004,"0x113552De1996d5B9aD44E48514075f9506D0E518","5.0005","0.0001794","2023-06-05T00:35:45.341Z","8d933738-04ad-4e72-b676-67492670f0a0","pending"
1005,"0x113552De1996d5B9aD44E48514075f9506D0E518","0.010001","0.00034568","2023-06-05T00:36:48.861Z","9dd5522c-16e9-4c8e-a758-661162a32467","pending"
1006,"0x113552De1996d5B9aD44E48514075f9506D0E518","13.0013","0.00042423","2023-06-05T00:37:07.345Z","01c4ba66-b081-4286-a6fa-ce8a57f94ca3","pending"
1007,"0x113552De1996d5B9aD44E48514075f9506D0E518","10.001045","0.00043514","2023-06-05T00:37:33.671Z","ec8c5e99-d0e6-4f97-88da-3cb2e1b96ed8","pending"
1008,"0xF333f460C553a9aCe1B244352609d4E2E85aC9Ba","10.001","0.0007456","2023-06-05T00:45:00.246Z","a9589713-129b-420a-95c6-cb62cab5ebe5","pending"
1009,"0xe40797b68B402b80dad9bf09bfB9079c9CD00F80","5.0005","0.0001794","2023-06-05T02:19:58.797Z","88a0a820-081c-4ecb-b0a2-d10d5f85736e","pending"
1010,"0x0C67e5d7d72e4a4f1C027e11636E8c31F5CB4CC4","10.001","0.0007456","2023-06-05T03:24:45.789Z","6bde8042-0f8c-4268-9ec4-35744243c017","pending"
1011,"0xf292C977491430B3A4Dbc8Bcb09820014C5C6658","50.005","0.003728","2023-06-05T03:26:57.871Z","cf156db4-d326-46d9-a8f0-bda00cf827d3","pending"
1012,"0x3AD988ee989d421586EFb6220088074F9B9bEB0E","5.0005","0.0003728","2023-06-05T03:41:14.767Z","1e66c1c2-841b-4c33-88d4-58f33453389f","pending"
1013,"0xe9B719D545782d5215e2994c8Ac289C452B72De8","50.005","0.003728","2023-06-05T04:31:17.727Z","cd4a330a-a1e5-4dab-b55d-e0e83542b2b8","pending"
1014,"0x742549D96Ee23FCD3879F80F4E8fC81dCB38B563","10.001","0.0007456","2023-06-05T04:35:30.861Z","68f12b6b-5459-42c8-86b8-596369b17c60","pending"
1015,"0x4F084f8A42D78A81Ab2EcAF225763d6500C10c6e","15.0015","0.0005382","2023-06-05T05:43:57.328Z","de594d37-e54c-48d1-abd6-7f1ad4c5ca43","pending"
1016,"0x4F084f8A42D78A81Ab2EcAF225763d6500C10c6e","15.0015","0.0011184","2023-06-05T05:44:24.415Z","28e9b649-7993-40cc-ada0-337c7fa20ca0","pending"
1017,"0xb2b7F529387150ADC9261548b37C0C64086BA5AA","80.008","0.0059648","2023-06-05T06:10:21.791Z","86aee962-6eeb-44ba-bbf6-fc94351d4d9c","pending"
1018,"0xEc964b6c91abde8f583F744de48da87b9F43035E","5.0005","0.0003728","2023-06-05T06:50:19.587Z","506e8bc5-e3c8-4c25-98a1-9190816b7cd7","pending"
1019,"0xbc736Fe31bCA130d0a61334b7Ad260f29AE9b783","65.0065","0.0023322","2023-06-05T07:27:54.167Z","91bbc689-f57f-4632-94c7-8b5a1c9f7c32","pending"
1020,"0xbc736Fe31bCA130d0a61334b7Ad260f29AE9b783","65.0065","0.0048464","2023-06-05T07:29:26.713Z","11bf50b4-dd70-468b-a84d-ef018288d6fb","pending"
1021,"0x33f6ea3a69D998727141b8D4fb4792e08D51685b","10.001","0.0007456","2023-06-05T07:56:19.724Z","b48f0ef9-3857-4eed-87a3-0df41dc0eda7","pending"
1022,"0x33f6ea3a69D998727141b8D4fb4792e08D51685b","10.001","0.0003588","2023-06-05T07:57:04.953Z","3d5a2f7f-e941-4e6a-a5f4-6db013f51953","pending"
1023,"0x33f6ea3a69D998727141b8D4fb4792e08D51685b","0.020002","0.00069136","2023-06-05T07:57:32.227Z","d006171b-1c4e-4c91-a8fa-0c0a6483c142","pending"
1024,"0x33f6ea3a69D998727141b8D4fb4792e08D51685b","26.0026","0.00084846","2023-06-05T07:57:53.313Z","f4b876be-d0d9-4ffa-b57f-d43c39d34786","pending"
1025,"0x4fA655D6d65fC717FAFf4ad73272E6Bd3cF061a4","5.0005","0.0003728","2023-06-05T08:43:08.588Z","68ca0e8b-f858-403e-a2bc-4e12040b9fbc","pending"
1026,"0x5AfAEEf70514403db9d3Bb007A16059AA5Beac66","40.004","0.0029824","2023-06-05T09:34:31.279Z","3aab648c-8eb5-437c-a2f5-d1e672dafa4d","pending"
1027,"0xD86d638f130647e8C591003baD71b5Ed798cfC72","25.0025","0.001864","2023-06-05T10:25:42.676Z","f0d8b693-7c3b-4100-bf8c-d446f32c838a","pending"
1028,"0xD86d638f130647e8C591003baD71b5Ed798cfC72","25.0025","0.000897","2023-06-05T10:26:10.412Z","a9bcf9b6-7112-4cc9-95a2-8af9e70088be","pending"
1029,"0xD86d638f130647e8C591003baD71b5Ed798cfC72","0.05000499999999999","0.0017284","2023-06-05T10:26:24.821Z","fab9ede4-d923-4f58-abca-eccec51e5f61","pending"
1030,"0xD86d638f130647e8C591003baD71b5Ed798cfC72","65.0065","0.00212115","2023-06-05T10:26:38.803Z","6c570335-5be8-4547-af54-d74a90f5ae60","pending"
1031,"0xD86d638f130647e8C591003baD71b5Ed798cfC72","50.005225","0.0021757","2023-06-05T10:26:52.322Z","3105de24-e92d-4e3f-8948-e150835d7919","pending"
1032,"0x4D55194473F453E7d005b45EF3a08DD74b179f35","10.001","0.0007456","2023-06-05T11:18:31.687Z","9162adde-a672-4dbe-b8db-7fff7fbc69db","pending"
1033,"0xaBB5f7763Aaea437FED6E0e2C424B52c099221c0","5.0005","0.0001794","2023-06-05T12:13:45.805Z","7420d291-a3c2-454a-9e50-912eb0011b7c","pending"
1034,"0xaBB5f7763Aaea437FED6E0e2C424B52c099221c0","5.0005","0.0003728","2023-06-05T12:14:08.227Z","1c81c1d4-3b0f-4f79-afa1-98faef86404b","pending"
1035,"0xaFDD108fD50bD22BEe31A96346892461C5A2Bc44","15.0015","0.0011184","2023-06-05T12:14:22.899Z","8562a663-284b-4319-b0b4-1e7a9d766a8c","pending"
1036,"0xaFDD108fD50bD22BEe31A96346892461C5A2Bc44","15.0015","0.0005382","2023-06-05T12:14:39.149Z","65d091e7-89e7-4728-bd05-42997dad96de","pending"
1037,"0xaFDD108fD50bD22BEe31A96346892461C5A2Bc44","0.030003","0.00103704","2023-06-05T12:14:52.691Z","651a8592-04b6-4280-9c31-e7ea94c1c2d1","pending"
1038,"0xaFDD108fD50bD22BEe31A96346892461C5A2Bc44","30.003135","0.00130542","2023-06-05T12:15:17.155Z","bf85cdf4-9005-4924-a949-63b194e6d3c5","pending"
1039,"0x04102393f4B1eb7ee217C2C86aBE6674CB35D2a0","10.001","0.0007456","2023-06-05T13:20:44.311Z","53be9766-24f0-4c91-aebb-a587b1e2fa74","pending"
1040,"0xB669E8FA83A7e0eFf830e8A47AbbdfE208365f04","30.003135","0.00130542","2023-06-05T13:25:34.159Z","1b6cdba3-ac6d-42e8-9c31-a0a7401c954e","pending"
1041,"0xB669E8FA83A7e0eFf830e8A47AbbdfE208365f04","39.0039","0.00127269","2023-06-05T13:26:01.397Z","206d68b3-315c-45f4-9e7d-e6c809c112a2","pending"
1042,"0xB669E8FA83A7e0eFf830e8A47AbbdfE208365f04","0.030003","0.00103704","2023-06-05T13:26:38.571Z","dcdc975f-236e-47c8-ad1d-b52c976cbf02","pending"
1043,"0xB669E8FA83A7e0eFf830e8A47AbbdfE208365f04","15.0015","0.0005382","2023-06-05T13:26:52.616Z","cc5a13d6-3c7a-4bbf-8a97-e0115c17a3e4","pending"
1044,"0xB669E8FA83A7e0eFf830e8A47AbbdfE208365f04","15.0015","0.0011184","2023-06-05T13:27:06.951Z","ce91b74e-ec4b-4f56-a9dd-366d082cdeaf","pending"
1045,"0xa8016437ED568fB93d6b0ab0Baa05B8c5914d369","5.0005","0.0003728","2023-06-05T14:27:40.470Z","cdbdd7eb-8b7b-4604-a34a-f803fc267727","pending"
1046,"0x0e7C2d2D06e15Ca1dDdb1F78e13743e59b81a205","5.0005","0.0003728","2023-06-05T14:30:51.666Z","31ebffb0-4452-4497-94f5-71e29560f909","pending"
1047,"0xC74BaDBCfcae0395008E4Ac8E1Ef067E270cc719","10.001045","0.00043514","2023-06-05T15:18:40.136Z","f1536a31-ff05-4f0f-8d4a-f8138859574c","pending"
1048,"0x6bCb2AcEF180dA4CbF10C5d706a1c091E9e9A42A","26.0026","0.00084846","2023-06-05T15:25:16.449Z","a6138f03-a676-47cb-8f15-c746a6649034","pending"
1049,"0x6bCb2AcEF180dA4CbF10C5d706a1c091E9e9A42A","0.020002","0.00069136","2023-06-05T15:25:41.855Z","3c85a1fd-9a73-42a1-956c-1da18ce58f27","pending"
1050,"0x6bCb2AcEF180dA4CbF10C5d706a1c091E9e9A42A","10.001","0.0003588","2023-06-05T15:26:09.909Z","d0f1ab93-be92-42b9-8ab5-1a0b4c0fca24","pending"
1051,"0x6bCb2AcEF180dA4CbF10C5d706a1c091E9e9A42A","10.001","0.0007456","2023-06-05T15:26:20.487Z","502b1168-10b2-4248-a61f-25c44fa24d47","pending"
1052,"0xFbe1a00B7c54E6c255208d7e58227e96ca550F56","675.0675","0.024219","2023-06-05T15:26:52.601Z","9fad709a-06cf-4234-ad87-7f835a2c9148","pending"
1053,"0xFbe1a00B7c54E6c255208d7e58227e96ca550F56","675.0675","0.050328","2023-06-05T15:27:39.282Z","8471b4f6-4fa9-4c42-80c3-40bd1b6b46e5","pending"
1054,"0x2C227A2884A89f277C277d82e318Ec198Da1f40b","30.003","0.0010764","2023-06-05T16:44:22.237Z","aaf12fa2-f0ca-4eb6-bc91-fcc0a63575be","pending"
1055,"0x2C227A2884A89f277C277d82e318Ec198Da1f40b","30.003","0.0022368","2023-06-05T16:45:55.293Z","7c67d423-6d10-4b52-a74f-0303259acda1","pending"
1056,"0x4bc77A43D9f8861Df68684b96892BB16C8951607","30.003135","0.00130542","2023-06-05T16:59:18.495Z","be064b2f-8b6e-4b25-930a-20cf5be698b6","pending"
1057,"0x4bc77A43D9f8861Df68684b96892BB16C8951607","39.0039","0.00127269","2023-06-05T16:59:44.986Z","ca451226-a97f-485f-9963-d29fd99e5e96","pending"
1058,"0x4bc77A43D9f8861Df68684b96892BB16C8951607","0.030003","0.00103704","2023-06-05T17:00:04.933Z","579a9685-07d3-4bca-86c9-dfac1795d688","pending"
1059,"0x4bc77A43D9f8861Df68684b96892BB16C8951607","15.0015","0.0005382","2023-06-05T17:00:21.674Z","c87a6779-3997-4e4f-ae74-9a192be609b2","pending"
1060,"0x4bc77A43D9f8861Df68684b96892BB16C8951607","15.0015","0.0011184","2023-06-05T17:00:38.610Z","10c29987-6a2f-4757-8bb2-0f4a469ec53d","pending"
1061,"0x5F74B7Af5956eBD7B17efbD9dD2c31d9bb5F1c92","10.001045","0.00043514","2023-06-05T17:02:19.103Z","aac78687-a938-471d-89f6-c4fb40815151","pending"
1062,"0x5F74B7Af5956eBD7B17efbD9dD2c31d9bb5F1c92","10.001045","0.00043514","2023-06-05T17:02:28.791Z","8000865e-869b-46ca-b8cc-bb29b6ea5f69","pending"
1063,"0x5F74B7Af5956eBD7B17efbD9dD2c31d9bb5F1c92","13.0013","0.00042423","2023-06-05T17:02:34.942Z","ead45e6a-6726-4677-92d9-b8f8b06670e8","pending"
1064,"0x5F74B7Af5956eBD7B17efbD9dD2c31d9bb5F1c92","0.010001","0.00034568","2023-06-05T17:02:41.373Z","5d9f8092-6cb0-4d0b-9bcd-17121c330315","pending"
1065,"0x5F74B7Af5956eBD7B17efbD9dD2c31d9bb5F1c92","5.0005","0.0001794","2023-06-05T17:02:46.415Z","c57cb621-ac35-40f3-996d-07d9038b9a4e","pending"
1066,"0x42c230e18EAC8E26BD2af62b898cB31010183a2D","5.0005","0.0003728","2023-06-05T17:50:20.895Z","6c334918-684e-40fe-be0f-d621e02c0aa6","pending"
1067,"0x42c230e18EAC8E26BD2af62b898cB31010183a2D","5.0005","0.0003728","2023-06-05T17:51:17.504Z","ab250861-7da3-4826-b16d-6463c6e369e8","pending"
1068,"0x5A797587a3A72488885FFb49Bc2DB28D715915cd","5.0005","0.0003728","2023-06-05T17:51:25.933Z","a1ad4858-7473-4aca-836a-dd76f946b164","pending"
1069,"0x0cF7513fa89050986DDC99E63C40295e9eC5B947","100.01045","0.0043514","2023-06-05T18:01:39.917Z","a7482177-2e92-461e-8f3e-f9fe22ed942b","pending"
1070,"0x0cF7513fa89050986DDC99E63C40295e9eC5B947","130.013","0.0042423","2023-06-05T18:02:40.694Z","d3b51510-97d3-4fc9-9092-1b3b0cfde98e","pending"
1071,"0x0cF7513fa89050986DDC99E63C40295e9eC5B947","0.10001","0.0034568","2023-06-05T18:03:09.196Z","2e6ed808-ff9d-4d31-9d4b-da8910acbf4c","pending"
1072,"0x0cF7513fa89050986DDC99E63C40295e9eC5B947","50.005","0.001794","2023-06-05T18:03:41.688Z","a627f117-6882-4c12-849c-63be84df3799","pending"
1073,"0x0cF7513fa89050986DDC99E63C40295e9eC5B947","50.005","0.003728","2023-06-05T18:04:03.708Z","fb29d249-1f60-4d46-8f7a-82eebc4b9196","pending"
1074,"0x54340C04b656f40C53F2ccfE6d82149dD0Ac3DD7","10.001045","0.00043514","2023-06-05T18:06:11.225Z","f2fb7f7f-cc9a-488f-895d-184bd29a28c5","pending"
1075,"0x54340C04b656f40C53F2ccfE6d82149dD0Ac3DD7","13.0013","0.00042423","2023-06-05T18:06:26.892Z","b6912d19-b7c8-45d7-87a3-457c06d392a0","pending"
1076,"0x54340C04b656f40C53F2ccfE6d82149dD0Ac3DD7","0.010001","0.00034568","2023-06-05T18:06:41.534Z","6cf26d56-20ca-43e9-bdc9-92f617b4003e","pending"
1077,"0x54340C04b656f40C53F2ccfE6d82149dD0Ac3DD7","0.010001","0.00034568","2023-06-05T18:06:53.769Z","b61253af-5bf2-4bef-901b-6248f84057f4","pending"
1078,"0x54340C04b656f40C53F2ccfE6d82149dD0Ac3DD7","5.0005","0.0001794","2023-06-05T18:07:14.885Z","15791e92-f447-4b04-ae42-1f8779f43a6d","pending"
1079,"0x54340C04b656f40C53F2ccfE6d82149dD0Ac3DD7","5.0005","0.0003728","2023-06-05T18:07:28.743Z","ed2e5e2f-580e-46ce-8ab0-ed33be027662","pending"
1080,"0xbc554FFb12Af8Ef9E6fb92335e210cEd81a39adC","5.0005","0.0003728","2023-06-05T18:18:31.817Z","b1bf18ce-1ce1-4da9-ba63-a46800a1fc95","pending"
1081,"0xbc554FFb12Af8Ef9E6fb92335e210cEd81a39adC","5.0005","0.0001794","2023-06-05T18:18:44.446Z","f7b56d84-45ab-4b45-9997-76ad1b8deb26","pending"
1082,"0xbc554FFb12Af8Ef9E6fb92335e210cEd81a39adC","0.010001","0.00034568","2023-06-05T18:18:56.248Z","30c9a4da-c47c-4f8c-9600-717cd71cc9e6","pending"
1083,"0xbc554FFb12Af8Ef9E6fb92335e210cEd81a39adC","13.0013","0.00042423","2023-06-05T18:19:08.131Z","a8759568-6cae-4b95-9ac8-afc8449435b5","pending"
1084,"0xbc554FFb12Af8Ef9E6fb92335e210cEd81a39adC","10.001045","0.00043514","2023-06-05T18:19:19.210Z","0ec98dda-9a5b-476d-98ca-3250857c72cb","pending"
1085,"0x37AEB68df8A7f640f769C175b0973e6D5D3f6DBc","40.00418","0.00174056","2023-06-05T19:55:42.312Z","d7494e33-8747-480d-a1b9-2f584c555d5c","pending"
1086,"0xe088B94720E46350A9650263d3E032F7158F1f53","0.10001","0.0034568","2023-06-05T20:03:27.938Z","165a1970-d1b8-4506-bbce-acea94d5a350","pending"
1087,"0xe088B94720E46350A9650263d3E032F7158F1f53","50.005","0.001794","2023-06-05T20:04:05.872Z","828d6bef-6c2f-4a1f-a746-86967c8924bd","pending"
1088,"0xe088B94720E46350A9650263d3E032F7158F1f53","50.005","0.003728","2023-06-05T20:05:06.212Z","d498f11b-e0a2-44c4-baf3-1821401f7a02","pending"
1089,"0xcf818c218DDD0321Cd79A64A98e2aeD384ABd625","10.001","0.0007456","2023-06-05T21:17:05.397Z","628643f9-0494-4e34-b3a2-60ba7f910278","pending"
1090,"0xcf818c218DDD0321Cd79A64A98e2aeD384ABd625","10.001","0.0003588","2023-06-05T21:17:45.707Z","15cf3254-7d2a-46df-87e4-343b51d293df","pending"
1091,"0x8EdC9D7E208f6519e7FeF0Be37daF442Bfa4e60c","20.002","0.0014912","2023-06-05T21:49:46.596Z","333ba81c-dc7a-4b0d-a8b4-145dad7128ed","pending"
1092,"0x8EdC9D7E208f6519e7FeF0Be37daF442Bfa4e60c","20.002","0.0007176","2023-06-05T21:50:32.902Z","84cb26e1-6a95-401b-8511-136ee64a50db","pending"
1093,"0x8EdC9D7E208f6519e7FeF0Be37daF442Bfa4e60c","0.040004","0.00138272","2023-06-05T21:50:55.604Z","ab708aa9-acab-4c02-a69f-24893d7ee0ce","pending"
1094,"0x8EdC9D7E208f6519e7FeF0Be37daF442Bfa4e60c","52.0052","0.00169692","2023-06-05T21:51:14.408Z","1cd6e30d-b8c8-4207-aa5d-3b27f7ecc49a","pending"
1095,"0x8EdC9D7E208f6519e7FeF0Be37daF442Bfa4e60c","40.00418","0.00174056","2023-06-05T21:51:33.249Z","0d61426e-9a09-4aad-95c7-ab997799b40b","pending"
1096,"0x77210E7213e93FF080036dC6c5e60D6c3491e0a4","5.0005","0.0003728","2023-06-05T21:52:04.014Z","2880d0e0-412b-4d55-93a8-ed18a0dfc414","pending"
1097,"0x67a143efA2aE9A1F3DB3E9EbBecB9f9Cb4BF9e92","10.001045","0.00043514","2023-06-05T22:21:17.373Z","04d7dd74-3d28-47a3-a11b-f889c5d8290c","pending"
1098,"0x67a143efA2aE9A1F3DB3E9EbBecB9f9Cb4BF9e92","13.0013","0.00042423","2023-06-05T22:21:50.965Z","62c6e90a-2667-472a-932c-6a11dfa1851e","pending"
1099,"0x67a143efA2aE9A1F3DB3E9EbBecB9f9Cb4BF9e92","0.010001","0.00034568","2023-06-05T22:22:08.849Z","0b7d658b-eb05-4357-a785-e9de2420bf5e","pending"
1100,"0x67a143efA2aE9A1F3DB3E9EbBecB9f9Cb4BF9e92","5.0005","0.0001794","2023-06-05T22:22:28.085Z","a2d6c672-9046-41ac-9e3b-90970be95289","pending"
1101,"0x67a143efA2aE9A1F3DB3E9EbBecB9f9Cb4BF9e92","5.0005","0.0003728","2023-06-05T22:22:45.341Z","f8747905-1c5a-4931-bb08-bff9a85f785d","pending"
1102,"0x7AA2242d71756901fa6cDBcF82752B458A005321","5.0005","0.0003728","2023-06-05T22:28:48.265Z","90f7b5e7-a075-40a9-a408-513c897b657b","pending"
1103,"0x3b7E36e449C705efF181d487326feE73E85f8Ef2","5.0005","0.0003728","2023-06-05T22:39:15.166Z","bd954eea-3727-431c-a88f-8c15c58c5a89","pending"
1104,"0xA560f82cf8511f2bF0d723854DA7ca74c639c873","20.002","0.0014912","2023-06-06T00:10:28.215Z","708742de-62ba-44c7-b449-86c7cb561066","pending"
1105,"0x1e8f0844405B65d1041125417826d1533E43F358","60.006","0.0044736","2023-06-06T00:17:41.915Z","81a7376e-666c-4ebc-a972-04c7c0c7ee8f","pending"
1106,"0xda643a7a42e098C0cF7BCC5A4c5018e8333A6CA0","70.00699999999999","0.0052192","2023-06-06T01:40:24.191Z","d2a93f69-e6b3-45fd-b0f2-68717d27a5dc","pending"
1107,"0xc983Ec8B1c09335D0084033A4e5050e30B9D4eC2","0.030003","0.00103704","2023-06-06T02:08:23.257Z","bea5ea8f-1829-46d6-a8bb-241a90a212f4","pending"
1108,"0xc983Ec8B1c09335D0084033A4e5050e30B9D4eC2","15.0015","0.0005382","2023-06-06T02:08:55.000Z","e0b9e8bb-304e-4478-9263-a9a2414d0947","pending"
1109,"0xc983Ec8B1c09335D0084033A4e5050e30B9D4eC2","15.0015","0.0011184","2023-06-06T02:09:12.874Z","ded43309-f3d8-4cc2-ab57-6ac6c94cd462","pending"
1110,"0x3f61709ed9C5bC3AebAf86694A727c1b625C1682","55.0055","0.0041008","2023-06-06T02:29:26.094Z","8096d95b-87ef-4f23-a015-76e0c55c0247","pending"
1111,"0x874DFF0432b9545b3fb11d53b60cBaF933cBfA81","90.009","0.0067104","2023-06-06T02:58:25.774Z","81186135-b05f-4530-9fb5-144ecf6fa534","pending"
1112,"0x24e523fD8cEE363A4D90C7c9C9ec5D2FC9A8b02a","5.0005","0.0003728","2023-06-06T03:15:37.241Z","f1807775-c0c3-4987-abf2-569e74a1ba3c","pending"
1113,"0x491180FaC09C5A3f76e2Abc2dffaae4500b73Aa5","30.003","0.0022368","2023-06-06T03:32:03.139Z","7a8ce039-115e-42a7-8e57-77f7ed1979d4","pending"
1114,"0x074c3B9c8A125a679423Ee91bc08FeF1c6C11092","125.0125","0.00932","2023-06-06T03:53:15.413Z","83a5153d-75f1-44e7-91d3-ab8a5b701b33","pending"
1115,"0xE1F4A101231be8131281b66238bD9AFBBDe2A741","75.00749999999999","0.005592","2023-06-06T03:55:00.134Z","b22c08cc-c1ca-42ca-aae7-6f1f2eb3dcd3","pending"
1116,"0x7B9265C7772318b350Ef46083484C7778Fa2fc0F","5.0005","0.0001794","2023-06-06T04:11:46.729Z","7f3e5a17-dd72-4ffd-8a71-cdd522af74fb","pending"
1117,"0x7B9265C7772318b350Ef46083484C7778Fa2fc0F","5.0005","0.0003728","2023-06-06T04:11:58.613Z","284f4e2b-87f4-440a-93cc-72f5f5b1231c","pending"
1118,"0xF054FDF38bEeeB1f9E8eDA941bB11A8dFdc0155C","5.0005","0.0003728","2023-06-06T04:12:27.285Z","fde78aae-3ed2-4be4-84fb-bf1627e894ff","pending"
1119,"0x0e28AFEE15ea79e86d8866359aE9f947CFb935c3","20.002","0.0014912","2023-06-06T04:21:05.949Z","ddc83dec-a171-42dd-83c6-771a9b289411","pending"
1120,"0xd5F66FA9a84Fe9b68Cd123bd3EFC77C0E174c0Af","5.0005","0.0003728","2023-06-06T05:06:57.763Z","e9c4c5ee-2b4b-43c5-8684-aa99c2203b5f","pending"
1121,"0x852C688a4eDC4B1Fb8F5fc2c8008247c0762D923","5.0005","0.0003728","2023-06-06T05:47:21.685Z","ce2a7fc2-eadb-40b7-ac1f-c155887a2519","pending"
1122,"0x525EE7eF2E1012d1d770d8f206Efd844A3Bcb43e","45.0045","0.0016146","2023-06-06T08:53:02.317Z","dd8dee41-37ba-4aa7-ba3f-2bc8936e94e4","pending"
1123,"0x525EE7eF2E1012d1d770d8f206Efd844A3Bcb43e","45.0045","0.0033552","2023-06-06T08:54:08.144Z","8a4dc06b-ed65-4af8-b8f2-c0cc62bf16a9","pending"
1124,"0x54D54DE1d513Bf174d479AdA60A2ab55304474ef","5.0005","0.0001794","2023-06-06T08:59:45.490Z","fc6167f8-3fee-41ca-8323-2ff44343d6a4","pending"
1125,"0x54D54DE1d513Bf174d479AdA60A2ab55304474ef","5.0005","0.0003728","2023-06-06T09:00:18.374Z","20913f3f-887c-4344-948c-e40f3a515bb7","pending"
1126,"0x83a9C433523C6068EF5c405fcF96464748A7F95a","20.002","0.0014912","2023-06-06T09:44:24.733Z","d79a3a31-58c6-4053-96f5-137a065fb9ba","pending"
1127,"0x83a9C433523C6068EF5c405fcF96464748A7F95a","20.002","0.0007176","2023-06-06T09:44:51.237Z","b6fdb714-b4b0-470b-8c0f-513c9db02881","pending"
1128,"0x83a9C433523C6068EF5c405fcF96464748A7F95a","0.040004","0.00138272","2023-06-06T09:45:08.178Z","bf3c7d0b-da4f-4d4d-8d70-538bc12a0043","pending"
1129,"0x83a9C433523C6068EF5c405fcF96464748A7F95a","52.0052","0.00169692","2023-06-06T09:45:31.825Z","ba2bdaca-02a7-41e4-a5e2-6d0ca43f933c","pending"
1130,"0x83a9C433523C6068EF5c405fcF96464748A7F95a","40.00418","0.00174056","2023-06-06T09:45:42.859Z","4a6f3966-3c48-48b7-9d2c-41206286c32b","pending"
1131,"0x57f883a317B5De21E40b8a706dC94190572805F1","5.0005","0.0003728","2023-06-06T11:05:06.642Z","b3bab6e6-126f-4bcf-b40a-4f7981313deb","pending"
1132,"0xa76f8bedb224Fdf0A2531299496140a76C6f89A1","120.012","0.008947200000000001","2023-06-06T11:45:53.539Z","816e3d9d-4906-4180-8c55-056058bdf338","pending"
1133,"0xa76f8bedb224Fdf0A2531299496140a76C6f89A1","0.240024","0.008296319999999999","2023-06-06T11:47:06.030Z","ea0bc43d-067a-4e43-b715-6edfbc44ce77","pending"
1134,"0xa76f8bedb224Fdf0A2531299496140a76C6f89A1","120.012","0.0043056","2023-06-06T11:47:30.866Z","3fb1b084-74f3-42f2-927b-26dad7b81ab0","pending"
1135,"0x83af686B32DAaDdaA20eF796F96Cc65878B3f18e","150.015675","0.0065271","2023-06-06T11:52:38.574Z","997cbd3b-f6e9-45c3-9b95-e1f8adbe1ecd","pending"
1136,"0x21e79d6B6448959dF353750d0a076caBD17C987a","5.0005","0.0001794","2023-06-06T12:18:58.519Z","9fc9182d-4522-4562-8f9c-0e0d52cda5d0","pending"
1137,"0xA16B1bff7b17bA8a1e23F986358BDdc73549dF07","155.0155","0.0115568","2023-06-06T12:20:58.004Z","8f5be8e9-fc98-4725-bc79-244e1007ac21","pending"
1138,"0x21e79d6B6448959dF353750d0a076caBD17C987a","5.0005","0.0001794","2023-06-06T12:27:59.850Z","1e25c664-4d73-458c-9294-d9650bf64a21","pending"
1139,"0x55926DBdf318c47254e1a5Cb1eeD5F0F700772a9","135.0135","0.0100656","2023-06-06T12:59:22.447Z","7ca03be3-a749-44aa-bc58-51d660f4b22e","pending"
1140,"0xdba6D2Db83d8a85690c989DF8c81E15B5f3889D5","5.0005","0.0003728","2023-06-06T14:00:52.340Z","a31bf611-a769-4242-b4a4-f99124ad7d80","pending"
1141,"0xe40797b68B402b80dad9bf09bfB9079c9CD00F80","5.0005","0.0003728","2023-06-06T14:20:42.217Z","428c71f6-aafc-4e1a-bf41-d7ae0f48531b","pending"
1142,"0x17f9d93508152124A5ECD871b0478e190198e387","0.030003","0.00103704","2023-06-06T14:27:16.360Z","5385a8df-1f44-4325-9d64-9fca17bb0d9d","pending"
1143,"0x17f9d93508152124A5ECD871b0478e190198e387","15.0015","0.0005382","2023-06-06T14:27:33.945Z","144915b3-706a-4620-a14d-8a8a736f4e4c","pending"
1144,"0x17f9d93508152124A5ECD871b0478e190198e387","15.0015","0.0005382","2023-06-06T14:27:42.263Z","d4f45822-6f0a-425c-b67a-ee4e23a5da19","pending"
1145,"0x21e79d6B6448959dF353750d0a076caBD17C987a","5.0005","0.0001794","2023-06-06T14:30:17.777Z","57afc6ef-9c6d-40aa-aa96-944e96d3118b","pending"
1146,"0x21e79d6B6448959dF353750d0a076caBD17C987a","5.0005","0.0003728","2023-06-06T14:42:55.594Z","aa990f98-d353-49ee-9318-38b39822db55","pending"
1147,"0x3F93D7fCBC99E32B8f8bdc399f73A51735B0c22C","5.0005","0.0001794","2023-06-06T15:19:02.215Z","64728d95-5f83-4482-bb12-4f75ec0e1bc3","pending"
1148,"0x14DB352a055FC9364Ee12Eca19DCDDAAC59e88Db","75.00749999999999","0.005592","2023-06-06T15:36:51.367Z","f4f8b2ec-886c-48e0-82db-9848328fde99","pending"
1149,"0x217494735D5bD436b000253FfEBb2288E3656e2c","20.00209","0.00087028","2023-06-06T15:46:45.993Z","b5d3dfb4-a217-4818-b701-f89d5b2d3a5b","pending"
1150,"0x217494735D5bD436b000253FfEBb2288E3656e2c","26.0026","0.00084846","2023-06-06T15:47:15.116Z","9201e9f6-8c8f-4e7d-bf62-87513495e925","pending"
1151,"0x217494735D5bD436b000253FfEBb2288E3656e2c","0.020002","0.00069136","2023-06-06T15:47:37.131Z","53136fc0-e3da-4b70-b4f9-1132011f90d4","pending"
1152,"0x217494735D5bD436b000253FfEBb2288E3656e2c","10.001","0.0003588","2023-06-06T15:47:51.676Z","5efbf785-6d8e-446d-afca-7b8c960b9fdc","pending"
1153,"0x217494735D5bD436b000253FfEBb2288E3656e2c","10.001","0.0007456","2023-06-06T15:48:09.087Z","23f6b1c4-5c26-43f4-abc8-9408dc5a067a","pending"
1154,"0x8C064c77364e617FF562B491c10485eB6A4Ebc74","5.0005","0.0003728","2023-06-06T16:50:44.046Z","d183e71b-413a-4065-a88a-afe72944e3a3","pending"
1155,"0x7576A4B8108FE86EeF3BFB4782eB3F4873816Bba","5.0005","0.0003728","2023-06-06T17:01:18.142Z","ed861ede-c4da-4b91-88b1-73518df697ae","pending"
1156,"0x7576A4B8108FE86EeF3BFB4782eB3F4873816Bba","5.0005","0.0001794","2023-06-06T17:01:49.369Z","dcb68b2a-dfb9-4061-ba3f-75288d2c65ac","pending"
1157,"0x7576A4B8108FE86EeF3BFB4782eB3F4873816Bba","0.010001","0.00034568","2023-06-06T17:02:01.772Z","4a23a04b-e8eb-48f2-9cf1-7cd053457a58","pending"
1158,"0x7576A4B8108FE86EeF3BFB4782eB3F4873816Bba","13.0013","0.00042423","2023-06-06T17:02:15.963Z","e7b67917-062c-4da8-aab0-e3ab39ef42b7","pending"
1159,"0x7576A4B8108FE86EeF3BFB4782eB3F4873816Bba","10.001045","0.00043514","2023-06-06T17:02:28.409Z","670a0475-d7a1-454e-b5d4-0456cc48f3ae","pending"
1160,"0x7576A4B8108FE86EeF3BFB4782eB3F4873816Bba","0.010001","0.00034568","2023-06-06T17:03:04.701Z","511e4f8d-e45c-4898-906e-9c547e52a792","pending"
1161,"0x5d9e387F977CCDb267E98BFA8Eb54A62Eb8A82AF","50.005","0.003728","2023-06-06T17:47:30.810Z","5744d88c-0383-4422-ace4-31b129171221","pending"
1162,"0xC00Dc9fD9276C28BA3116dEE024309064D0D5DC3","20.00209","0.00087028","2023-06-06T18:16:56.090Z","f5fa0654-a167-4810-bf8e-e208b2c557cb","pending"
1163,"0x213D8A71db5B6AbA963255758970F88e78078562","15.0015","0.0011184","2023-06-06T19:05:59.570Z","72009889-35a6-43e4-ae21-dbd863608c99","pending"
1164,"0x15c45d41Af30d3e145CaCE1BCEd8059ce9106e4C","25.0025","0.001864","2023-06-06T19:31:59.993Z","d5ec6779-628e-466c-8499-94f7a50f780d","pending"
1165,"0xE747fB37D57a688657262ced16071842f113Da12","0.030003","0.00103704","2023-06-06T20:31:04.923Z","0acc7f17-03b8-4bbd-8c67-a7e43d446ca7","pending"
1166,"0x22bca588819E1e748ffD37C641b54A79e2A2c256","5.0005","0.0003728","2023-06-06T21:02:35.800Z","cebd4cd6-ccb2-4563-a501-c79bb510e262","pending"
1167,"0x9880DB2C2c7ec3E87f1B660b79c95D80893442FD","25.0025","0.000897","2023-06-06T21:12:46.065Z","90d467e9-6b52-4ae5-bdc1-326a77c900ea","pending"
1168,"0x11aa0c27b9C0F6c9508be8A3Dc44B8c91316cB33","55.0055","0.0041008","2023-06-06T21:21:29.319Z","8211fc44-0180-41cc-b4c5-a28930a163f1","pending"
1169,"0x11aa0c27b9C0F6c9508be8A3Dc44B8c91316cB33","55.0055","0.0019734","2023-06-06T21:22:50.648Z","e43f4ce3-f082-41f2-9021-56b647693a3e","pending"
1170,"0x876F611950Ce5D7bC6800398b7D683bAcd0559D8","65.0065","0.00212115","2023-06-06T21:24:13.125Z","fec594bb-a0d1-4b78-a0e7-cd4215e361db","pending"
1171,"0x22bca588819E1e748ffD37C641b54A79e2A2c256","5.0005","0.0001794","2023-06-06T21:31:19.983Z","53888c6c-5356-4b30-bf4e-d6a95818dd9a","pending"
1172,"0x7B9F0F3b21d1b1396ABb4Aea5B1e1b42596423f7","10.001","0.0007456","2023-06-06T21:39:42.898Z","3def7e14-ea40-46ac-89f3-8009dea6e70f","pending"
1173,"0x8F58E12926712C8c6e53f47D6bAFd25018D35C69","10.001","0.0007456","2023-06-06T22:15:49.372Z","b844c7e9-d331-488d-b483-d22af9a5463f","pending"
1174,"0x56924583306001661D428f7E2dE563693443Ea0e","10.001","0.0007456","2023-06-06T23:05:22.414Z","7fa04ff6-f602-4847-9b45-20ddfbe8d404","pending"
1175,"0x62D06f49DAB5A6C07c4988217B5033bB4d19583A","50.005","0.003728","2023-06-06T23:59:50.005Z","d271df7a-2dd9-4d36-a08b-c4457423b0c9","pending"
1176,"0xbE08bd9105815a5BC3B358cA16314B75faa8dBa3","60.006","0.0044736","2023-06-07T01:16:57.075Z","efdcfe79-7076-49e6-a635-2d4c694a51df","pending"
1177,"0x11deB2394d695C8B0D14b26a1f8362973fa7af47","270.027","0.0201312","2023-06-07T01:26:46.108Z","7c80386d-b453-467c-bddb-69e841d65fc7","pending"
1178,"0x2Aae69e2f552Aa931D8D29F1cE424637F0c0D3eB","0.030003","0.00103704","2023-06-07T01:28:32.291Z","80b09fe2-0bb5-4c69-afc3-c0fd89795acf","pending"
1179,"0x2Aae69e2f552Aa931D8D29F1cE424637F0c0D3eB","15.0015","0.0005382","2023-06-07T01:28:52.742Z","5ce8f527-a85d-4814-ba49-a0d028b4943b","pending"
1180,"0x2Aae69e2f552Aa931D8D29F1cE424637F0c0D3eB","15.0015","0.0011184","2023-06-07T01:29:14.903Z","0bb0b166-0b70-400f-abf4-18f92480d9a8","pending"
1181,"0xB78A9FFf79482A4A083Bdf9952DF5756d5252BC9","110.011","0.0082016","2023-06-07T01:43:07.385Z","3365306f-6d25-4ffd-9575-1758d6407be0","pending"
1182,"0xB78A9FFf79482A4A083Bdf9952DF5756d5252BC9","110.011","0.0039468","2023-06-07T01:43:55.606Z","2870b6b5-8eda-4f54-90d0-adf4b269650e","pending"
1183,"0x41Bd57323E0fe7C0F134d177F9a64A75DD0F8D28","10.001","0.0007456","2023-06-07T01:45:32.613Z","802d20f9-5acd-4ac6-8cd6-6b44560f3a82","pending"
1184,"0x41Bd57323E0fe7C0F134d177F9a64A75DD0F8D28","10.001","0.0003588","2023-06-07T02:15:45.622Z","1eb5b21e-f19d-410b-aeb7-7dbf40d1ae78","pending"
1185,"0x41Bd57323E0fe7C0F134d177F9a64A75DD0F8D28","0.020002","0.00069136","2023-06-07T02:16:16.652Z","6bf57404-359a-4ed1-b492-66fb287da1d6","pending"
1186,"0x41Bd57323E0fe7C0F134d177F9a64A75DD0F8D28","26.0026","0.00084846","2023-06-07T02:16:30.391Z","9928f999-450a-412e-a8a7-13639c6b7f72","pending"
1187,"0x41Bd57323E0fe7C0F134d177F9a64A75DD0F8D28","20.00209","0.00087028","2023-06-07T02:16:52.774Z","ad603d9f-3ed1-4fd4-9d97-4482b86a0de3","pending"
1188,"0xd56B2F6B4DB31c809b72f77A033Bd16A2fdAeEb5","20.002","0.0014912","2023-06-07T03:58:49.427Z","afa27a3c-18a6-4f89-ba52-639f2c2f02ed","pending"
1189,"0x1C816960b1C1891aedF48e3846EB950506BD8962","20.00209","0.00087028","2023-06-07T05:34:07.786Z","80bff55b-e26f-414d-9b67-647ccb2f1a5f","pending"
1190,"0x1C816960b1C1891aedF48e3846EB950506BD8962","20.00209","0.00087028","2023-06-07T05:34:21.509Z","3212c5eb-8eb0-4769-99f1-9d5c49517d6e","pending"
1191,"0x1C816960b1C1891aedF48e3846EB950506BD8962","0.020002","0.00069136","2023-06-07T05:34:40.745Z","5d450927-7e32-4219-ba6b-24d41bd4ede6","pending"
1192,"0x1C816960b1C1891aedF48e3846EB950506BD8962","10.001","0.0003588","2023-06-07T05:34:55.644Z","5fc4e7a8-d263-4c00-8ffa-098c28b8d1d0","pending"
1193,"0x1C816960b1C1891aedF48e3846EB950506BD8962","10.001","0.0007456","2023-06-07T05:35:12.812Z","4b0bd2af-9542-41ba-b54c-cf640ed37dfd","pending"
1194,"0x21C1D34e891e295E18C2eD3b3b9878fffbffc72d","300.03","0.022368","2023-06-07T07:03:46.333Z","37740804-dca8-4eca-be6c-e721e1a2e758","pending"
1195,"0x950eC3Acb2edF987D136c8B45EEba0F8Da6Ae9c5","10.001","0.0007456","2023-06-07T08:56:06.551Z","df25deca-ac37-45ea-b20a-97c249d4d0ae","pending"
1196,"0xe714DFc20f1A23666bE1425B67F996A3C2f22F4a","10.001","0.0003588","2023-06-07T09:30:52.500Z","f1e54ded-5b45-40dd-8c0f-260fba5f997e","pending"
1197,"0xD9571B8261055784369b74A5FC8645ecDAf725d0","25.0025","0.000897","2023-06-07T09:53:52.012Z","c61f7061-0c68-4b7a-8547-70775d232076","pending"
1198,"0xD9571B8261055784369b74A5FC8645ecDAf725d0","25.0025","0.001864","2023-06-07T09:54:43.835Z","03b83687-b733-4665-ad31-1c0dd3af3bb8","pending"
1199,"0x7803Fe21319CF67B1155EdEFE94be51aAdBa5B91","45.0045","0.0033552","2023-06-07T11:02:59.649Z","f7a5a911-82b1-412b-89fd-2b620654767e","pending"
1200,"0xF0DEcBf6E49b2842C4c93fEA34411da55D62F804","55.0055","0.0041008","2023-06-07T11:04:59.628Z","48e4ebca-c6a3-4bd7-8e14-6f6c60146bf0","pending"
1201,"0xb573ffc565156AB3FFc5223F938147e1f0F2C490","5.0005","0.0003728","2023-06-07T12:07:25.582Z","4f1eb686-3325-4dba-9a29-b2ef4dab11ee","pending"
1202,"0x3d88BA7c63e820A9417E301860AF838827F1c5a8","10.001","0.0007456","2023-06-07T12:12:29.280Z","d771076f-1069-4e65-a9fd-df03a2f12e3b","pending"
1203,"0xe15F7fA159A080f40F6Dc6F67822300a73047bd2","15.0015","0.0011184","2023-06-07T12:49:31.239Z","175f23b2-e0f5-4b60-bfec-4617266fdc08","pending"
1204,"0xF9ce2b83666950DE50fCf054E2f48425c07828B3","5.0005","0.0003728","2023-06-07T12:49:36.233Z","8d47b1f7-911d-4bd5-9d6e-9edcc65335d7","pending"
1205,"0xF9ce2b83666950DE50fCf054E2f48425c07828B3","5.0005","0.0001794","2023-06-07T12:50:22.547Z","9a345f40-eca6-4d75-8f6d-cdd0803d9f75","pending"
1206,"0x01672528275cB5dD5ab94AB4Ad663eBbBDdB54D9","10.001045","0.00043514","2023-06-07T13:08:21.368Z","f236b51b-a30e-4cf5-878c-68b628b66983","pending"
1207,"0x01672528275cB5dD5ab94AB4Ad663eBbBDdB54D9","13.0013","0.00042423","2023-06-07T13:09:00.811Z","411442f3-9f29-4f1f-bf24-5994e72b95f0","pending"
1208,"0x01672528275cB5dD5ab94AB4Ad663eBbBDdB54D9","0.010001","0.00034568","2023-06-07T13:13:09.134Z","297e8770-4bee-4503-b426-14f5b04ff599","pending"
1209,"0x01672528275cB5dD5ab94AB4Ad663eBbBDdB54D9","5.0005","0.0001794","2023-06-07T13:13:50.492Z","e703b14d-5299-46cc-9d7d-6808b2e18376","pending"
1210,"0x01672528275cB5dD5ab94AB4Ad663eBbBDdB54D9","5.0005","0.0003728","2023-06-07T13:14:01.540Z","15151560-3be5-4de1-9bf5-5ae500216667","pending"
1211,"0x402989f46e93615d8F93b0E75041D86201cEeB97","30.003135","0.00130542","2023-06-07T15:15:00.408Z","a1c7a38a-2a76-4c74-9e00-10a68e616b16","pending"
1212,"0x06102c7cAc12825208E0e61A681cAaC0686a452B","15.0015","0.0011184","2023-06-07T17:20:32.601Z","2e7a4900-34b9-46f4-a2ef-8c35eea31545","pending"
1213,"0x5192326bBaA7735425bf4694EB282a890E78dFd1","5.0005","0.0003728","2023-06-07T17:37:06.263Z","46c1fd9f-fe98-40e2-834f-5740384eabc4","pending"
1214,"0x5192326bBaA7735425bf4694EB282a890E78dFd1","5.0005","0.0001794","2023-06-07T17:38:01.708Z","833b93bd-f9f1-4c58-ad89-c0ee52110765","pending"
1215,"0x5192326bBaA7735425bf4694EB282a890E78dFd1","0.010001","0.00034568","2023-06-07T17:38:30.256Z","1f9dabe9-0621-42b9-899a-5c97bef2330b","pending"
1216,"0x5192326bBaA7735425bf4694EB282a890E78dFd1","13.0013","0.00042423","2023-06-07T17:38:49.315Z","e90095d2-3b4a-4a6b-b8ca-06b876c0ac34","pending"
1217,"0x5192326bBaA7735425bf4694EB282a890E78dFd1","10.001045","0.00043514","2023-06-07T17:39:09.878Z","f5024554-a8df-4d92-86da-1a28225a8faf","pending"
1218,"0xbf76fAE02f23bF44cD1D6Ee7449E04e3B470C043","30.003","0.0022368","2023-06-07T19:03:36.110Z","c4f0f6b0-6f6c-4ebb-982a-67264a1c72fa","pending"
1219,"0xff574866ADB4A1c2C965596b588A2A88F1a411a3","85.0085","0.0030498","2023-06-07T19:23:06.218Z","5b81863d-e555-480f-b712-956477b8aa45","pending"
1220,"0xff574866ADB4A1c2C965596b588A2A88F1a411a3","85.0085","0.006337600000000001","2023-06-07T19:23:43.440Z","f5e390d9-4870-4771-82d0-8e0c8373e020","pending"
1221,"0xa9D571F66e1672a39112F5eF8Df9Fd98Efee07ED","15.0015","0.0005382","2023-06-07T19:27:30.143Z","3c4e465a-b270-4454-bb7e-223fa248e9a7","pending"
1222,"0xa9D571F66e1672a39112F5eF8Df9Fd98Efee07ED","15.0015","0.0011184","2023-06-07T19:27:53.589Z","09501e73-3882-4b13-b0c9-afc15028b70f","pending"
1223,"0xAd494E7725b5AA7BCF7b5456942BB76E3A76d26a","10.001045","0.00043514","2023-06-07T20:04:51.404Z","ac2fc3ce-5a91-4081-ac4d-b12e77501fc2","pending"
1224,"0xAd494E7725b5AA7BCF7b5456942BB76E3A76d26a","10.001045","0.00043514","2023-06-07T20:05:27.009Z","9eada0c8-0d31-47fe-a7e0-d6d6d152e495","pending"
1225,"0xAd494E7725b5AA7BCF7b5456942BB76E3A76d26a","13.0013","0.00042423","2023-06-07T20:06:10.628Z","deff33dc-ab9d-4d6e-98af-239bbebf8ed2","pending"
1226,"0xAd494E7725b5AA7BCF7b5456942BB76E3A76d26a","0.010001","0.00034568","2023-06-07T20:06:42.656Z","e5c1a3b6-ab65-4f74-9704-9d23b67f3edd","pending"
1227,"0xAd494E7725b5AA7BCF7b5456942BB76E3A76d26a","5.0005","0.0001794","2023-06-07T20:06:57.958Z","39c950bb-ece7-40a6-8011-dc8f02c6735e","pending"
1228,"0xAd494E7725b5AA7BCF7b5456942BB76E3A76d26a","5.0005","0.0003728","2023-06-07T20:07:16.939Z","a0478b03-e500-442e-a978-5f770748e319","pending"
1229,"0x3C45D10599aCBB7006DD999557EAf3C83dF67102","10.001","0.0007456","2023-06-07T20:25:11.693Z","9b9e98f6-b227-482c-8bde-f0dcb79f8cf8","pending"
1230,"0x2B942Bfaf236c2D405587A32de433013C7275533","40.004","0.0029824","2023-06-07T20:28:44.055Z","dfbb6485-7916-482f-8465-15e2cc7bb013","pending"
1231,"0x348db33DF0Ed5F3748BDa4a9d5D35eD0cfDb1FC6","5.0005","0.0003728","2023-06-07T22:00:29.027Z","9af6243d-64cb-4403-9de9-e1d6941b9bf9","pending"
1232,"0xf66ff43d0CF416F97eF2EACb190bC99Dc4436391","5.0005","0.0003728","2023-06-07T22:25:32.384Z","f99230c2-4e8d-4ceb-9f7b-b4adb8d050ca","pending"
1233,"0xf66ff43d0CF416F97eF2EACb190bC99Dc4436391","5.0005","0.0001794","2023-06-07T22:26:21.454Z","d9dc9f32-d1c0-47ab-8aa2-251328f159de","pending"
1234,"0xf66ff43d0CF416F97eF2EACb190bC99Dc4436391","0.010001","0.00034568","2023-06-07T22:26:47.156Z","cda859ce-c7d7-45d1-8606-5c7cba8c1206","pending"
1235,"0x981e4Bc044632244b286184789CDf5bD8a83224D","5.0005","0.0003728","2023-06-07T22:47:03.390Z","75700a1a-3a8e-42ce-b439-dd1be41d4ded","pending"
